0.0352690000000000	0.0758750000000000	257.535061000000	257.535061000000	4.50726900000000	0.149000000000000	0.0106840000000000	0.00950000000000000	0.0127000000000000	0.104000000000000	787.468299000000	22.7351340000000	0.000103000000000000	1.80000000000000e-05	2883.95436400000	1040.41224200000	29.4982480000000
0.0281050000000000	0.324175000000000	257.490592000000	257.490592000000	4.50398400000000	0.435000000000000	0.0106840000000000	0.00950000000000000	0.0127000000000000	0.104000000000000	787.537127000000	22.7178520000000	0.000103000000000000	1.80000000000000e-05	2297.91608800000	4442.19778100000	29.4982910000000
0.0181570000000000	0.669372000000000	257.460356000000	257.460356000000	4.50175100000000	0.636000000000000	0.0106840000000000	0.00950000000000000	0.0127000000000000	0.104000000000000	787.583925000000	22.7061050000000	0.000103000000000000	1.80000000000000e-05	1484.44559600000	9168.32027600000	29.4989930000000
0.0110080000000000	0.917487000000000	257.448875000000	257.448875000000	4.50090300000000	0.700000000000000	0.0106840000000000	0.00950000000000000	0.0127000000000000	0.104000000000000	787.601699000000	22.7016450000000	0.000103000000000000	1.80000000000000e-05	899.947281000000	12564.5704500000	29.4983840000000
0.00604300000000000	1.08988900000000	257.436635000000	257.436635000000	4.50033800000000	0.817000000000000	0.0106840000000000	0.00950000000000000	0.0127000000000000	0.104000000000000	787.613543000000	22.6986730000000	0.000103000000000000	1.80000000000000e-05	494.030259000000	14923.8318100000	29.4985830000000
0.0144770000000000	0.0498170000000000	253.369512000000	253.369512000000	4.20738000000000	0.0920000000000000	0.0106840000000000	0.00950000000000000	0.0127000000000000	0.104000000000000	793.842985000000	21.1657310000000	0.000105000000000000	1.80000000000000e-05	1172.21832100000	641.692865000000	12.5468780000000
0.0110100000000000	0.179931000000000	253.327689000000	253.327689000000	4.20444900000000	0.292000000000000	0.0106840000000000	0.00950000000000000	0.0127000000000000	0.104000000000000	793.906242000000	21.1504730000000	0.000105000000000000	1.80000000000000e-05	891.401967000000	2316.22917100000	12.5465340000000
0.00673200000000000	0.340683000000000	253.294574000000	253.294574000000	4.20212900000000	0.458000000000000	0.0106840000000000	0.00950000000000000	0.0127000000000000	0.104000000000000	793.956326000000	21.1383970000000	0.000105000000000000	1.80000000000000e-05	544.999104000000	4383.37781400000	12.5464070000000
0.00365900000000000	0.456248000000000	253.278896000000	253.278896000000	4.20103100000000	0.523000000000000	0.0106840000000000	0.00950000000000000	0.0127000000000000	0.104000000000000	793.980033000000	21.1326820000000	0.000105000000000000	1.80000000000000e-05	296.208633000000	5868.89897000000	12.5469170000000
0.00152400000000000	0.536552000000000	253.264169000000	253.264169000000	4.20033900000000	0.636000000000000	0.0106840000000000	0.00950000000000000	0.0127000000000000	0.104000000000000	793.994976000000	21.1290810000000	0.000105000000000000	1.80000000000000e-05	123.370108000000	6900.85159400000	12.5468990000000
0.00350400000000000	0.0151020000000000	250.594582000000	250.594582000000	4.01624900000000	0.0750000000000000	0.0106840000000000	0.00950000000000000	0.0127000000000000	0.104000000000000	798.009538000000	20.1739720000000	0.000106000000000000	1.70000000000000e-05	281.812223000000	186.521663000000	3.10089300000000
0.00249900000000000	0.0548720000000000	250.564790000000	250.564790000000	4.01423300000000	0.124000000000000	0.0106840000000000	0.00950000000000000	0.0127000000000000	0.104000000000000	798.053949000000	20.1635450000000	0.000106000000000000	1.70000000000000e-05	200.969458000000	677.405641000000	3.10075100000000
0.00125200000000000	0.104275000000000	250.529194000000	250.529194000000	4.01182700000000	0.253000000000000	0.0106840000000000	0.00950000000000000	0.0127000000000000	0.104000000000000	798.106964000000	20.1511020000000	0.000106000000000000	1.70000000000000e-05	100.676940000000	1286.59907200000	3.10048600000000
0.0348070000000000	0.0864460000000000	290.768039000000	290.768039000000	7.52539500000000	0.246000000000000	0.0106840000000000	0.00950000000000000	0.0127000000000000	0.104000000000000	730.439619000000	39.6311440000000	8.90000000000000e-05	1.90000000000000e-05	3039.70994000000	1914.41578700000	28.8503660000000
0.0232750000000000	0.299082000000000	290.742270000000	290.742270000000	7.52257800000000	0.495000000000000	0.0106840000000000	0.00950000000000000	0.0127000000000000	0.104000000000000	730.488925000000	39.6142780000000	8.90000000000000e-05	1.90000000000000e-05	2032.52814600000	6621.01619400000	28.8500470000000
0.0150880000000000	0.450122000000000	290.731376000000	290.731376000000	7.52138700000000	0.601000000000000	0.0106840000000000	0.00950000000000000	0.0127000000000000	0.104000000000000	730.509772000000	39.6071480000000	8.90000000000000e-05	1.90000000000000e-05	1317.56077400000	9963.18569400000	28.8499800000000
0.00940200000000000	0.555065000000000	290.718685000000	290.718685000000	7.52064200000000	0.734000000000000	0.0106840000000000	0.00950000000000000	0.0127000000000000	0.104000000000000	730.522813000000	39.6026880000000	8.90000000000000e-05	1.90000000000000e-05	821.021041000000	12284.8623900000	28.8504420000000
0.00358200000000000	0.662462000000000	290.718685000000	290.718685000000	7.52024200000000	0.741000000000000	0.0106840000000000	0.00950000000000000	0.0127000000000000	0.104000000000000	730.529815000000	39.6002940000000	8.90000000000000e-05	1.90000000000000e-05	312.792959000000	14661.0516300000	28.8504480000000
0.0135570000000000	0.0683520000000000	285.493297000000	285.493297000000	6.96535800000000	0.184000000000000	0.0106840000000000	0.00950000000000000	0.0127000000000000	0.104000000000000	740.342857000000	36.3230160000000	9.10000000000000e-05	1.90000000000000e-05	1173.27488200000	1405.39759600000	12.5195790000000
0.00875800000000000	0.166221000000000	285.468500000000	285.468500000000	6.96280300000000	0.359000000000000	0.0106840000000000	0.00950000000000000	0.0127000000000000	0.104000000000000	740.388538000000	36.3081250000000	9.10000000000000e-05	1.90000000000000e-05	757.917847000000	3416.50257200000	12.5194960000000
0.00531000000000000	0.236578000000000	285.455816000000	285.455816000000	6.96149600000000	0.448000000000000	0.0106840000000000	0.00950000000000000	0.0127000000000000	0.104000000000000	740.411908000000	36.3005080000000	9.10000000000000e-05	1.90000000000000e-05	459.517440000000	4861.74731700000	12.5194890000000
0.00291500000000000	0.285463000000000	285.441290000000	285.441290000000	6.96068200000000	0.559000000000000	0.0106840000000000	0.00950000000000000	0.0127000000000000	0.104000000000000	740.426464000000	36.2957650000000	9.10000000000000e-05	1.90000000000000e-05	252.255117000000	5865.69357200000	12.5194410000000
0.00432200000000000	0.0371110000000000	286.638194000000	286.638194000000	7.08411100000000	0.106000000000000	0.0106840000000000	0.00950000000000000	0.0127000000000000	0.104000000000000	738.224955000000	37.0170990000000	9.10000000000000e-05	1.90000000000000e-05	374.793662000000	775.476161000000	4.56435000000000
0.00216600000000000	0.0801360000000000	286.616136000000	286.616136000000	7.08180900000000	0.228000000000000	0.0106840000000000	0.00950000000000000	0.0127000000000000	0.104000000000000	738.265913000000	37.0036070000000	9.10000000000000e-05	1.90000000000000e-05	187.823203000000	1674.01128400000	4.56440500000000
0.000616000000000000	0.111066000000000	286.598801000000	286.598801000000	7.08048000000000	0.287000000000000	0.0106840000000000	0.00950000000000000	0.0127000000000000	0.104000000000000	738.289560000000	36.9958180000000	9.10000000000000e-05	1.90000000000000e-05	53.4148320000000	2319.71084500000	4.56376400000000
0.0218370000000000	0.131335000000000	251.060377000000	251.060377000000	4.04785800000000	0.226000000000000	0.0106840000000000	0.00950000000000000	0.0127000000000000	0.104000000000000	797.314511000000	20.3375450000000	0.000106000000000000	1.70000000000000e-05	1758.27378300000	1633.61207100000	20.0819880000000
0.0165930000000000	0.337153000000000	251.010839000000	251.010839000000	4.04448700000000	0.432000000000000	0.0106840000000000	0.00950000000000000	0.0127000000000000	0.104000000000000	797.388518000000	20.3200920000000	0.000106000000000000	1.70000000000000e-05	1335.87430000000	4190.52802700000	20.0820480000000
0.0128250000000000	0.485153000000000	250.989219000000	250.989219000000	4.04301700000000	0.513000000000000	0.0106840000000000	0.00950000000000000	0.0127000000000000	0.104000000000000	797.420799000000	20.3124820000000	0.000106000000000000	1.70000000000000e-05	1032.46417900000	6028.06440600000	20.0815830000000
0.0102090000000000	0.588032000000000	250.973445000000	250.973445000000	4.04194400000000	0.616000000000000	0.0106840000000000	0.00950000000000000	0.0127000000000000	0.104000000000000	797.444365000000	20.3069270000000	0.000106000000000000	1.70000000000000e-05	821.833769000000	7304.59320100000	20.0822330000000
0.00753100000000000	0.693290000000000	250.965357000000	250.965357000000	4.04139500000000	0.628000000000000	0.0106840000000000	0.00950000000000000	0.0127000000000000	0.104000000000000	797.456424000000	20.3040860000000	0.000106000000000000	1.70000000000000e-05	606.240306000000	8611.06254200000	20.0822640000000
0.00474700000000000	0.802742000000000	250.955371000000	250.955371000000	4.04071600000000	0.707000000000000	0.0106840000000000	0.00950000000000000	0.0127000000000000	0.104000000000000	797.471339000000	20.3005710000000	0.000106000000000000	1.70000000000000e-05	382.120845000000	9969.00708100000	20.0817170000000
0.00221000000000000	0.902516000000000	250.944839000000	250.944839000000	4.04028600000000	0.756000000000000	0.0106840000000000	0.00950000000000000	0.0127000000000000	0.104000000000000	797.480785000000	20.2983450000000	0.000106000000000000	1.70000000000000e-05	177.896342000000	11206.9928900000	20.0820140000000
0.00988500000000000	0.0833380000000000	248.374193000000	248.374193000000	3.86815900000000	0.155000000000000	0.0106840000000000	0.00950000000000000	0.0127000000000000	0.104000000000000	801.298980000000	19.4099020000000	0.000107000000000000	1.70000000000000e-05	790.623650000000	995.021263000000	9.53842300000000
0.00740100000000000	0.185987000000000	248.328778000000	248.328778000000	3.86517500000000	0.292000000000000	0.0106840000000000	0.00950000000000000	0.0127000000000000	0.104000000000000	801.365841000000	19.3945450000000	0.000107000000000000	1.70000000000000e-05	591.880302000000	2219.06603800000	9.53804200000000
0.00561700000000000	0.259815000000000	248.303949000000	248.303949000000	3.86354400000000	0.366000000000000	0.0106840000000000	0.00950000000000000	0.0127000000000000	0.104000000000000	801.402395000000	19.3861510000000	0.000107000000000000	1.70000000000000e-05	449.180350000000	3098.75250300000	9.53829000000000
0.00437700000000000	0.311135000000000	248.286815000000	248.286815000000	3.86241900000000	0.451000000000000	0.0106840000000000	0.00950000000000000	0.0127000000000000	0.104000000000000	801.427614000000	19.3803620000000	0.000107000000000000	1.70000000000000e-05	350.004906000000	3709.86163300000	9.53775800000000
0.00310900000000000	0.363654000000000	248.275482000000	248.275482000000	3.86167500000000	0.466000000000000	0.0106840000000000	0.00950000000000000	0.0127000000000000	0.104000000000000	801.444293000000	19.3765330000000	0.000107000000000000	1.70000000000000e-05	248.602740000000	4335.32758200000	9.53804400000000
0.00179100000000000	0.418267000000000	248.262826000000	248.262826000000	3.86084400000000	0.539000000000000	0.0106840000000000	0.00950000000000000	0.0127000000000000	0.104000000000000	801.462925000000	19.3722570000000	0.000107000000000000	1.70000000000000e-05	143.207882000000	4985.43475500000	9.53819600000000
0.000589000000000000	0.468060000000000	248.249965000000	248.249965000000	3.86022300000000	0.639000000000000	0.0106840000000000	0.00950000000000000	0.0127000000000000	0.104000000000000	801.476849000000	19.3690620000000	0.000107000000000000	1.70000000000000e-05	47.0951600000000	5578.12310900000	9.53795300000000
0.00394600000000000	0.0996270000000000	244.134708000000	244.134708000000	3.59705600000000	0.165000000000000	0.0106840000000000	0.00950000000000000	0.0127000000000000	0.104000000000000	807.473332000000	18.0205840000000	0.000109000000000000	1.70000000000000e-05	312.193859000000	1114.38390600000	4.98162600000000
0.00312800000000000	0.136343000000000	244.108626000000	244.108626000000	3.59543500000000	0.190000000000000	0.0106840000000000	0.00950000000000000	0.0127000000000000	0.104000000000000	807.510885000000	18.0123120000000	0.000109000000000000	1.70000000000000e-05	247.459642000000	1524.45746400000	4.98174700000000
0.00256000000000000	0.161878000000000	244.086721000000	244.086721000000	3.59407300000000	0.262000000000000	0.0106840000000000	0.00950000000000000	0.0127000000000000	0.104000000000000	807.542444000000	18.0053630000000	0.000109000000000000	1.70000000000000e-05	202.512897000000	1809.35146600000	4.98198100000000
0.00197800000000000	0.188018000000000	244.068918000000	244.068918000000	3.59296700000000	0.307000000000000	0.0106840000000000	0.00950000000000000	0.0127000000000000	0.104000000000000	807.568076000000	17.9997200000000	0.000109000000000000	1.70000000000000e-05	156.465562000000	2100.94573500000	4.98164100000000
0.00137400000000000	0.215196000000000	244.052527000000	244.052527000000	3.59194900000000	0.347000000000000	0.0106840000000000	0.00950000000000000	0.0127000000000000	0.104000000000000	807.591671000000	17.9945260000000	0.000109000000000000	1.70000000000000e-05	108.682738000000	2404.02729800000	4.98198100000000
0.000823000000000000	0.239980000000000	244.039134000000	244.039134000000	3.59111700000000	0.377000000000000	0.0106840000000000	0.00950000000000000	0.0127000000000000	0.104000000000000	807.610958000000	17.9902810000000	0.000109000000000000	1.70000000000000e-05	65.0966200000000	2680.34166400000	4.98197100000000
0.000411000000000000	0.258510000000000	244.029497000000	244.029497000000	3.59051900000000	0.424000000000000	0.0106840000000000	0.00950000000000000	0.0127000000000000	0.104000000000000	807.624822000000	17.9872300000000	0.000109000000000000	1.70000000000000e-05	32.5079410000000	2886.87307700000	4.98181300000000
0.0250510000000000	0.0291540000000000	295.852728000000	295.852728000000	8.09727000000000	0.140000000000000	0.0106840000000000	0.00950000000000000	0.0127000000000000	0.104000000000000	720.521198000000	43.1047930000000	8.70000000000000e-05	1.90000000000000e-05	2205.84761300000	693.234386000000	19.3064540000000
0.0192470000000000	0.126194000000000	295.830832000000	295.830832000000	8.09473900000000	0.290000000000000	0.0106840000000000	0.00950000000000000	0.0127000000000000	0.104000000000000	720.564727000000	43.0891950000000	8.70000000000000e-05	1.90000000000000e-05	1694.72203500000	2999.77043600000	19.3063070000000
0.0143880000000000	0.207480000000000	295.816355000000	295.816355000000	8.09306500000000	0.403000000000000	0.0106840000000000	0.00950000000000000	0.0127000000000000	0.104000000000000	720.593519000000	43.0788800000000	8.70000000000000e-05	1.90000000000000e-05	1266.85213500000	4931.03188800000	19.3059060000000
0.0110140000000000	0.263964000000000	295.806889000000	295.806889000000	8.09197100000000	0.519000000000000	0.0106840000000000	0.00950000000000000	0.0127000000000000	0.104000000000000	720.612336000000	43.0721390000000	8.70000000000000e-05	1.90000000000000e-05	969.759580000000	6272.61919400000	19.3063180000000
0.00756000000000000	0.321770000000000	295.801539000000	295.801539000000	8.09135300000000	0.519000000000000	0.0106840000000000	0.00950000000000000	0.0127000000000000	0.104000000000000	720.622966000000	43.0683320000000	8.70000000000000e-05	1.90000000000000e-05	665.636508000000	7645.70209900000	19.3060070000000
0.00397100000000000	0.381869000000000	295.789836000000	295.789836000000	8.09056900000000	0.640000000000000	0.0106840000000000	0.00950000000000000	0.0127000000000000	0.104000000000000	720.636451000000	43.0635020000000	8.70000000000000e-05	1.90000000000000e-05	349.631514000000	9072.87902800000	19.3062640000000
0.0122300000000000	0.0156930000000000	292.519229000000	292.519229000000	7.71873600000000	0.0710000000000000	0.0106840000000000	0.00950000000000000	0.0127000000000000	0.104000000000000	727.066660000000	40.7943450000000	8.90000000000000e-05	1.90000000000000e-05	1071.14672500000	356.168282000000	9.53221100000000
0.00957900000000000	0.0629560000000000	292.496678000000	292.496678000000	7.71622300000000	0.166000000000000	0.0106840000000000	0.00950000000000000	0.0127000000000000	0.104000000000000	727.110364000000	40.7791540000000	8.90000000000000e-05	1.90000000000000e-05	838.931783000000	1428.39827700000	9.53228300000000
0.00746000000000000	0.100756000000000	292.480769000000	292.480769000000	7.71445000000000	0.244000000000000	0.0106840000000000	0.00950000000000000	0.0127000000000000	0.104000000000000	727.141201000000	40.7684370000000	8.90000000000000e-05	1.90000000000000e-05	653.332083000000	2285.52709600000	9.53213800000000
0.00598800000000000	0.127027000000000	292.469337000000	292.469337000000	7.71317600000000	0.341000000000000	0.0106840000000000	0.00950000000000000	0.0127000000000000	0.104000000000000	727.163361000000	40.7607370000000	8.90000000000000e-05	1.90000000000000e-05	524.407405000000	2880.99150500000	9.53196800000000
0.00448200000000000	0.153912000000000	292.462659000000	292.462659000000	7.71243200000000	0.323000000000000	0.0106840000000000	0.00950000000000000	0.0127000000000000	0.104000000000000	727.176302000000	40.7562410000000	8.90000000000000e-05	1.90000000000000e-05	392.513073000000	3490.42101100000	9.53207900000000
0.00291700000000000	0.181869000000000	292.453000000000	292.453000000000	7.71135600000000	0.437000000000000	0.0106840000000000	0.00950000000000000	0.0127000000000000	0.104000000000000	727.195018000000	40.7497380000000	8.90000000000000e-05	1.90000000000000e-05	255.453484000000	4123.87301100000	9.53234200000000
0.00149000000000000	0.207354000000000	292.440828000000	292.440828000000	7.71070800000000	0.422000000000000	0.0106840000000000	0.00950000000000000	0.0127000000000000	0.104000000000000	727.206290000000	40.7458220000000	8.90000000000000e-05	1.90000000000000e-05	130.484081000000	4701.36154600000	9.53234700000000
0.00470100000000000	0.00955400000000000	290.884574000000	290.884574000000	7.53814400000000	0.0750000000000000	0.0106840000000000	0.00950000000000000	0.0127000000000000	0.104000000000000	730.216534000000	39.7075030000000	8.90000000000000e-05	1.90000000000000e-05	410.620072000000	211.927091000000	3.81211300000000
0.00345300000000000	0.0325100000000000	290.863461000000	290.863461000000	7.53583300000000	0.101000000000000	0.0106840000000000	0.00950000000000000	0.0127000000000000	0.104000000000000	730.256965000000	39.6936580000000	8.90000000000000e-05	1.90000000000000e-05	301.599921000000	720.924204000000	3.81201800000000
0.00258100000000000	0.0485550000000000	290.848437000000	290.848437000000	7.53418900000000	0.141000000000000	0.0106840000000000	0.00950000000000000	0.0127000000000000	0.104000000000000	730.285729000000	39.6838100000000	8.90000000000000e-05	1.90000000000000e-05	225.430034000000	1076.50261600000	3.81171500000000
0.00197600000000000	0.0597050000000000	290.837203000000	290.837203000000	7.53296000000000	0.216000000000000	0.0106840000000000	0.00950000000000000	0.0127000000000000	0.104000000000000	730.307233000000	39.6764480000000	8.90000000000000e-05	1.90000000000000e-05	172.584815000000	1323.49838500000	3.81196900000000
0.00135600000000000	0.0711190000000000	290.828907000000	290.828907000000	7.53205200000000	0.207000000000000	0.0106840000000000	0.00950000000000000	0.0127000000000000	0.104000000000000	730.323121000000	39.6710090000000	8.90000000000000e-05	1.90000000000000e-05	118.432071000000	1576.33239400000	3.81168100000000
0.000712000000000000	0.0829860000000000	290.819047000000	290.819047000000	7.53097300000000	0.295000000000000	0.0106840000000000	0.00950000000000000	0.0127000000000000	0.104000000000000	730.342002000000	39.6645470000000	8.90000000000000e-05	1.90000000000000e-05	62.1845490000000	1839.10662700000	3.81160600000000
0.00615000000000000	0.0564060000000000	233.684790000000	233.684790000000	2.99090500000000	0.120000000000000	0.0111940000000000	0.00950000000000000	0.0126000000000000	0.0800000000000000	822.130501000000	14.9549020000000	0.000114000000000000	1.70000000000000e-05	495.372724000000	560.877459000000	5.89964900000000
0.0111370000000000	0.0965610000000000	233.686883000000	233.686883000000	2.99101800000000	0.190000000000000	0.0111940000000000	0.00950000000000000	0.0126000000000000	0.0800000000000000	822.127640000000	14.9554690000000	0.000114000000000000	1.70000000000000e-05	897.073053000000	960.193962000000	10.6001510000000
0.0208270000000000	0.238012000000000	234.187215000000	234.187215000000	3.01811300000000	0.320000000000000	0.0111940000000000	0.00950000000000000	0.0126000000000000	0.0800000000000000	821.443236000000	15.0913980000000	0.000114000000000000	1.70000000000000e-05	1680.00423500000	2385.75455100000	20.7001320000000
0.0397800000000000	0.517561000000000	234.328255000000	234.328255000000	3.02578500000000	0.510000000000000	0.0111940000000000	0.00950000000000000	0.0126000000000000	0.0800000000000000	821.249999000000	15.1299040000000	0.000114000000000000	1.70000000000000e-05	3210.13908700000	5199.54752900000	40.4999730000000
0.0720630000000000	0.737599000000000	234.893832000000	234.893832000000	3.05669900000000	0.570000000000000	0.0111940000000000	0.00950000000000000	0.0126000000000000	0.0800000000000000	820.473793000000	15.2851430000000	0.000114000000000000	1.70000000000000e-05	5824.68605300000	7477.18193000000	70.4001090000000
0.103551000000000	0.988913000000000	235.074135000000	235.074135000000	3.06660600000000	0.610000000000000	0.0111940000000000	0.00950000000000000	0.0126000000000000	0.0800000000000000	820.225861000000	15.3349190000000	0.000114000000000000	1.70000000000000e-05	8374.08292000000	10053.6093100000	100.100109000000
0.00666900000000000	0.0210020000000000	284.758124000000	284.758124000000	6.88990900000000	0.0700000000000000	0.0111940000000000	0.00950000000000000	0.0126000000000000	0.0800000000000000	741.693908000000	35.8840420000000	9.20000000000000e-05	1.90000000000000e-05	603.925537000000	447.762386000000	5.69999300000000
0.0125090000000000	0.0508130000000000	284.635758000000	284.635758000000	6.87741200000000	0.120000000000000	0.0111940000000000	0.00950000000000000	0.0126000000000000	0.0800000000000000	741.918110000000	35.8114810000000	9.20000000000000e-05	1.90000000000000e-05	1132.53290300000	1081.45949600000	11.1003420000000
0.0228970000000000	0.106226000000000	285.030824000000	285.030824000000	6.91782200000000	0.220000000000000	0.0111940000000000	0.00950000000000000	0.0126000000000000	0.0800000000000000	741.193571000000	36.0462630000000	9.20000000000000e-05	1.90000000000000e-05	2074.48980400000	2273.48527800000	20.8001600000000
0.0453200000000000	0.200006000000000	285.027005000000	285.027005000000	6.91743100000000	0.350000000000000	0.0111940000000000	0.00950000000000000	0.0126000000000000	0.0800000000000000	741.200575000000	36.0439900000000	9.20000000000000e-05	1.90000000000000e-05	4106.00702300000	4280.36622400000	40.8002240000000
0.0803500000000000	0.325721000000000	285.124013000000	285.124013000000	6.92738100000000	0.460000000000000	0.0111940000000000	0.00950000000000000	0.0126000000000000	0.0800000000000000	741.022363000000	36.1018660000000	9.20000000000000e-05	1.90000000000000e-05	7280.98689100000	6980.38111700000	71.3002830000000
0.114900000000000	0.431143000000000	284.930326000000	284.930326000000	6.90752600000000	0.500000000000000	0.0111940000000000	0.00950000000000000	0.0126000000000000	0.0800000000000000	741.378056000000	35.9864020000000	9.20000000000000e-05	1.90000000000000e-05	10408.1949000000	9214.37177200000	100.699624000000
0.00813300000000000	0.00940700000000000	323.456404000000	323.456404000000	11.8100930000000	0.0600000000000000	0.0111940000000000	0.00950000000000000	0.0126000000000000	0.0800000000000000	658.347615000000	68.6278520000000	7.70000000000000e-05	2.10000000000000e-05	778.554150000000	343.816703000000	5.99992300000000
0.0169670000000000	0.00481500000000000	323.472515000000	323.472515000000	11.8125870000000	0.0400000000000000	0.0111940000000000	0.00950000000000000	0.0126000000000000	0.0800000000000000	658.306051000000	68.6471290000000	7.70000000000000e-05	2.10000000000000e-05	1624.24199000000	176.023096000000	11.5000150000000
0.0290040000000000	0.0394110000000000	323.445160000000	323.445160000000	11.8083520000000	0.180000000000000	0.0111940000000000	0.00950000000000000	0.0126000000000000	0.0800000000000000	658.376629000000	68.6143970000000	7.70000000000000e-05	2.10000000000000e-05	2776.45491300000	1440.20788400000	21.7997180000000
0.0542970000000000	0.0954870000000000	323.441828000000	323.441828000000	11.8078370000000	0.320000000000000	0.0111940000000000	0.00950000000000000	0.0126000000000000	0.0800000000000000	658.385212000000	68.6104170000000	7.70000000000000e-05	2.10000000000000e-05	5197.64948900000	3489.24796000000	42.2997450000000
0.0900240000000000	0.182618000000000	323.435636000000	323.435636000000	11.8068780000000	0.420000000000000	0.0111940000000000	0.00950000000000000	0.0126000000000000	0.0800000000000000	658.401193000000	68.6030060000000	7.70000000000000e-05	2.10000000000000e-05	8617.60387500000	6672.57789100000	71.8000530000000
0.130420000000000	0.242428000000000	323.439698000000	323.439698000000	11.8075070000000	0.440000000000000	0.0111940000000000	0.00950000000000000	0.0126000000000000	0.0800000000000000	658.390711000000	68.6078670000000	7.70000000000000e-05	2.10000000000000e-05	12484.5916200000	8858.44420700000	102.499785000000
0.00429300000000000	0.158727000000000	233.606802000000	233.606802000000	2.98670000000000	0.230000000000000	0.0111940000000000	0.00950000000000000	0.0126000000000000	0.0800000000000000	822.236993000000	14.9338160000000	0.000114000000000000	1.70000000000000e-05	345.716702000000	1576.34884300000	5.90026300000000
0.00806700000000000	0.265626000000000	233.605873000000	233.605873000000	2.98665000000000	0.330000000000000	0.0111940000000000	0.00950000000000000	0.0126000000000000	0.0800000000000000	822.238260000000	14.9335650000000	0.000114000000000000	1.70000000000000e-05	649.636427000000	2637.94458300000	10.5997390000000
0.0141890000000000	0.600095000000000	234.108521000000	234.108521000000	3.01384000000000	0.540000000000000	0.0111940000000000	0.00950000000000000	0.0126000000000000	0.0800000000000000	821.550968000000	15.0699550000000	0.000114000000000000	1.70000000000000e-05	1144.29369400000	6007.60943100000	20.7003910000000
0.0265350000000000	1.23780300000000	234.262506000000	234.262506000000	3.02220700000000	0.740000000000000	0.0111940000000000	0.00950000000000000	0.0126000000000000	0.0800000000000000	821.340089000000	15.1119450000000	0.000114000000000000	1.70000000000000e-05	2140.90021900000	12422.2464000000	40.4998700000000
0.0535260000000000	1.73454500000000	234.821054000000	234.821054000000	3.05270800000000	0.790000000000000	0.0111940000000000	0.00950000000000000	0.0126000000000000	0.0800000000000000	820.573783000000	15.2650940000000	0.000114000000000000	1.70000000000000e-05	4325.48658400000	17563.0548800000	70.4000250000000
0.0787610000000000	2.31735400000000	235.002649000000	235.002649000000	3.06267500000000	0.820000000000000	0.0111940000000000	0.00950000000000000	0.0126000000000000	0.0800000000000000	820.324191000000	15.3151670000000	0.000114000000000000	1.70000000000000e-05	6368.04166300000	23532.1842600000	100.100217000000
0.00448900000000000	0.0660830000000000	284.721379000000	284.721379000000	6.88615500000000	0.150000000000000	0.0111940000000000	0.00950000000000000	0.0126000000000000	0.0800000000000000	741.761244000000	35.8622410000000	9.20000000000000e-05	1.90000000000000e-05	406.484452000000	1408.15698600000	5.69965100000000
0.00730300000000000	0.158741000000000	284.598185000000	284.598185000000	6.87357800000000	0.290000000000000	0.0111940000000000	0.00950000000000000	0.0126000000000000	0.0800000000000000	741.986918000000	35.7892290000000	9.20000000000000e-05	1.90000000000000e-05	661.150777000000	3376.70975100000	11.0999480000000
0.0147740000000000	0.273391000000000	284.991494000000	284.991494000000	6.91379100000000	0.440000000000000	0.0111940000000000	0.00950000000000000	0.0126000000000000	0.0800000000000000	741.265789000000	36.0228230000000	9.20000000000000e-05	1.90000000000000e-05	1338.44508800000	5847.95594500000	20.7997760000000
0.0307520000000000	0.499835000000000	284.987406000000	284.987406000000	6.91337300000000	0.600000000000000	0.0111940000000000	0.00950000000000000	0.0126000000000000	0.0800000000000000	741.273278000000	36.0203930000000	9.20000000000000e-05	1.90000000000000e-05	2785.94597700000	10691.0780200000	40.7998890000000
0.0579100000000000	0.786712000000000	285.085025000000	285.085025000000	6.92338100000000	0.700000000000000	0.0111940000000000	0.00950000000000000	0.0126000000000000	0.0800000000000000	741.093997000000	36.0785960000000	9.20000000000000e-05	1.90000000000000e-05	5247.20424600000	16850.3859800000	71.3002180000000
0.0857290000000000	1.03263600000000	284.889957000000	284.889957000000	6.90339300000000	0.740000000000000	0.0111940000000000	0.00950000000000000	0.0126000000000000	0.0800000000000000	741.452134000000	35.9623800000000	9.20000000000000e-05	1.90000000000000e-05	7765.18943700000	22056.8649500000	100.699998000000
0.00565500000000000	0.0331880000000000	323.433842000000	323.433842000000	11.8066000000000	0.130000000000000	0.0111940000000000	0.00950000000000000	0.0126000000000000	0.0800000000000000	658.405826000000	68.6008580000000	7.70000000000000e-05	2.10000000000000e-05	541.327363000000	1212.60757300000	6.00001000000000
0.0132330000000000	0.0406300000000000	323.445937000000	323.445937000000	11.8084730000000	0.160000000000000	0.0111940000000000	0.00950000000000000	0.0126000000000000	0.0800000000000000	658.374613000000	68.6153320000000	7.70000000000000e-05	2.10000000000000e-05	1266.75145400000	1484.77034400000	11.5001120000000
0.0193930000000000	0.131676000000000	323.420776000000	323.420776000000	11.8045780000000	0.370000000000000	0.0111940000000000	0.00950000000000000	0.0126000000000000	0.0800000000000000	658.439522000000	68.5852360000000	7.70000000000000e-05	2.10000000000000e-05	1856.37701400000	4810.23965900000	21.8001470000000
0.0375520000000000	0.256245000000000	323.418548000000	323.418548000000	11.8042330000000	0.520000000000000	0.0111940000000000	0.00950000000000000	0.0126000000000000	0.0800000000000000	658.445272000000	68.5825700000000	7.70000000000000e-05	2.10000000000000e-05	3594.62178100000	9360.56344300000	42.2998780000000
0.0615280000000000	0.456224000000000	323.413565000000	323.413565000000	11.8034620000000	0.640000000000000	0.0111940000000000	0.00950000000000000	0.0126000000000000	0.0800000000000000	658.458120000000	68.5766140000000	7.70000000000000e-05	2.10000000000000e-05	5889.66466100000	16664.5869100000	71.7999080000000
0.0930620000000000	0.601102000000000	323.415796000000	323.415796000000	11.8038070000000	0.680000000000000	0.0111940000000000	0.00950000000000000	0.0126000000000000	0.0800000000000000	658.452371000000	68.5792790000000	7.70000000000000e-05	2.10000000000000e-05	8908.22560700000	21957.2575800000	102.500036000000
0.00336400000000000	0.209964000000000	233.576288000000	233.576288000000	2.98505500000000	0.260000000000000	0.0111940000000000	0.00950000000000000	0.0126000000000000	0.0800000000000000	822.278673000000	14.9255670000000	0.000114000000000000	1.70000000000000e-05	270.880205000000	2084.17635400000	5.89997700000000
0.00653300000000000	0.350273000000000	233.576553000000	233.576553000000	2.98507000000000	0.370000000000000	0.0111940000000000	0.00950000000000000	0.0126000000000000	0.0800000000000000	822.278293000000	14.9256420000000	0.000114000000000000	1.70000000000000e-05	526.058798000000	3476.94820500000	10.5999940000000
0.0108700000000000	0.781309000000000	234.084380000000	234.084380000000	3.01253000000000	0.610000000000000	0.0111940000000000	0.00950000000000000	0.0126000000000000	0.0800000000000000	821.584010000000	15.0633810000000	0.000114000000000000	1.70000000000000e-05	876.567163000000	7818.74788900000	20.6997740000000
0.0199140000000000	1.59813700000000	234.244480000000	234.244480000000	3.02122700000000	0.820000000000000	0.0111940000000000	0.00950000000000000	0.0126000000000000	0.0800000000000000	821.364774000000	15.1070260000000	0.000114000000000000	1.70000000000000e-05	1606.62096100000	16033.8491600000	40.4997550000000
0.0442600000000000	2.23331900000000	234.801554000000	234.801554000000	3.05163900000000	0.860000000000000	0.0111940000000000	0.00950000000000000	0.0126000000000000	0.0800000000000000	820.600576000000	15.2597240000000	0.000114000000000000	1.70000000000000e-05	3576.49362800000	22606.3462100000	70.3996140000000
0.0663700000000000	2.98198400000000	234.983173000000	234.983173000000	3.06160500000000	0.890000000000000	0.0111940000000000	0.00950000000000000	0.0126000000000000	0.0800000000000000	820.350966000000	15.3097910000000	0.000114000000000000	1.70000000000000e-05	5365.89828900000	30271.9629200000	100.100244000000
0.00340000000000000	0.0886390000000000	284.705796000000	284.705796000000	6.88456300000000	0.170000000000000	0.0111940000000000	0.00950000000000000	0.0126000000000000	0.0800000000000000	741.789803000000	35.8529960000000	9.20000000000000e-05	1.90000000000000e-05	307.865642000000	1888.38461600000	5.70005900000000
0.00470100000000000	0.212739000000000	284.584015000000	284.584015000000	6.87213300000000	0.350000000000000	0.0111940000000000	0.00950000000000000	0.0126000000000000	0.0800000000000000	742.012854000000	35.7808430000000	9.20000000000000e-05	1.90000000000000e-05	425.577362000000	4524.43879500000	11.1001830000000
0.0107140000000000	0.357017000000000	284.978491000000	284.978491000000	6.91245900000000	0.510000000000000	0.0111940000000000	0.00950000000000000	0.0126000000000000	0.0800000000000000	741.289655000000	36.0150790000000	9.20000000000000e-05	1.90000000000000e-05	970.608526000000	7635.35031100000	20.8001730000000
0.0234700000000000	0.649816000000000	284.975164000000	284.975164000000	6.91211800000000	0.690000000000000	0.0111940000000000	0.00950000000000000	0.0126000000000000	0.0800000000000000	741.295766000000	36.0130960000000	9.20000000000000e-05	1.90000000000000e-05	2126.19448900000	13896.6474000000	40.8000980000000
0.0466920000000000	1.01729600000000	285.073533000000	285.073533000000	6.92220200000000	0.780000000000000	0.0111940000000000	0.00950000000000000	0.0126000000000000	0.0800000000000000	741.115114000000	36.0717380000000	9.20000000000000e-05	1.90000000000000e-05	4230.65922300000	21785.6669600000	71.2997820000000
0.0711470000000000	1.33348200000000	284.878875000000	284.878875000000	6.90225900000000	0.810000000000000	0.0111940000000000	0.00950000000000000	0.0126000000000000	0.0800000000000000	741.472462000000	35.9557900000000	9.20000000000000e-05	1.90000000000000e-05	6444.24961600000	28478.4041200000	100.699940000000
0.00441600000000000	0.0450850000000000	323.423595000000	323.423595000000	11.8050140000000	0.160000000000000	0.0111940000000000	0.00950000000000000	0.0126000000000000	0.0800000000000000	658.432257000000	68.5886040000000	7.70000000000000e-05	2.10000000000000e-05	422.718820000000	1647.05924700000	5.99995400000000
0.0112800000000000	0.0593710000000000	323.434492000000	323.434492000000	11.8067010000000	0.200000000000000	0.0111940000000000	0.00950000000000000	0.0126000000000000	0.0800000000000000	658.404143000000	68.6016390000000	7.70000000000000e-05	2.10000000000000e-05	1079.78373000000	2169.28947800000	11.4997470000000
0.0145880000000000	0.177827000000000	323.412156000000	323.412156000000	11.8032440000000	0.420000000000000	0.0111940000000000	0.00950000000000000	0.0126000000000000	0.0800000000000000	658.461753000000	68.5749300000000	7.70000000000000e-05	2.10000000000000e-05	1396.40970100000	6495.39545200000	21.8001140000000
0.0291810000000000	0.336654000000000	323.410077000000	323.410077000000	11.8029220000000	0.600000000000000	0.0111940000000000	0.00950000000000000	0.0126000000000000	0.0800000000000000	658.467119000000	68.5724430000000	7.70000000000000e-05	2.10000000000000e-05	2793.29167900000	12296.4309300000	42.2999160000000
0.0472830000000000	0.593074000000000	323.405598000000	323.405598000000	11.8022290000000	0.740000000000000	0.0111940000000000	0.00950000000000000	0.0126000000000000	0.0800000000000000	658.478667000000	68.5670890000000	7.70000000000000e-05	2.10000000000000e-05	4526.04658300000	21660.9282800000	71.8002050000000
0.0743870000000000	0.780497000000000	323.407872000000	323.407872000000	11.8025810000000	0.770000000000000	0.0111940000000000	0.00950000000000000	0.0126000000000000	0.0800000000000000	658.472801000000	68.5698090000000	7.70000000000000e-05	2.10000000000000e-05	7120.52666900000	28507.1099600000	102.500346000000
0.00145200000000000	0.315635000000000	233.518761000000	233.518761000000	2.98195700000000	0.340000000000000	0.0111940000000000	0.00950000000000000	0.0126000000000000	0.0800000000000000	822.357200000000	14.9100340000000	0.000114000000000000	1.70000000000000e-05	116.900375000000	3130.22400700000	5.90019100000000
0.00337400000000000	0.524831000000000	233.522406000000	233.522406000000	2.98215300000000	0.480000000000000	0.0111940000000000	0.00950000000000000	0.0126000000000000	0.0800000000000000	822.352231000000	14.9110170000000	0.000114000000000000	1.70000000000000e-05	271.643253000000	5205.17122500000	10.6003800000000
0.00403700000000000	1.15471400000000	234.049427000000	234.049427000000	3.01063300000000	0.750000000000000	0.0111940000000000	0.00950000000000000	0.0126000000000000	0.0800000000000000	821.631872000000	15.0538630000000	0.000114000000000000	1.70000000000000e-05	325.514876000000	11549.0544100000	20.6998340000000
0.00628000000000000	2.34020600000000	234.221920000000	234.221920000000	3.02022400000000	0.920000000000000	0.0111940000000000	0.00950000000000000	0.0126000000000000	0.0800000000000000	821.390042000000	15.1019920000000	0.000114000000000000	1.70000000000000e-05	506.630843000000	23471.9994000000	40.5001020000000
0.0251810000000000	3.26044800000000	234.782137000000	234.782137000000	3.05057500000000	0.920000000000000	0.0111940000000000	0.00950000000000000	0.0126000000000000	0.0800000000000000	820.627249000000	15.2543800000000	0.000114000000000000	1.70000000000000e-05	2034.67471400000	32993.0606400000	70.4003270000000
0.0408540000000000	4.35043200000000	234.966660000000	234.966660000000	3.06069800000000	0.920000000000000	0.0111940000000000	0.00950000000000000	0.0126000000000000	0.0800000000000000	820.373667000000	15.3052340000000	0.000114000000000000	1.70000000000000e-05	3302.81922300000	44152.3213000000	100.099924000000
0.00115600000000000	0.135129000000000	284.675166000000	284.675166000000	6.88143500000000	0.240000000000000	0.0111940000000000	0.00950000000000000	0.0126000000000000	0.0800000000000000	741.845923000000	35.8348350000000	9.20000000000000e-05	1.90000000000000e-05	104.668620000000	2877.57097700000	5.69989900000000
0.00235200000000000	0.529298000000000	284.954486000000	284.954486000000	6.91043100000000	0.630000000000000	0.0111940000000000	0.00950000000000000	0.0126000000000000	0.0800000000000000	741.325995000000	36.0032890000000	9.20000000000000e-05	1.90000000000000e-05	213.066191000000	11316.6735900000	20.8000670000000
0.00847300000000000	0.958745000000000	284.954486000000	284.954486000000	6.91052800000000	0.820000000000000	0.0111940000000000	0.00950000000000000	0.0126000000000000	0.0800000000000000	741.324257000000	36.0038530000000	9.20000000000000e-05	1.90000000000000e-05	767.564993000000	20498.7539400000	40.7997540000000
0.0235920000000000	1.49223100000000	285.059442000000	285.059442000000	6.92075700000000	0.880000000000000	0.0111940000000000	0.00950000000000000	0.0126000000000000	0.0800000000000000	741.140996000000	36.0633330000000	9.20000000000000e-05	1.90000000000000e-05	2137.56580800000	31950.1641100000	71.2998220000000
0.0411180000000000	1.95313800000000	284.865208000000	284.865208000000	6.90086000000000	0.890000000000000	0.0111940000000000	0.00950000000000000	0.0126000000000000	0.0800000000000000	741.497541000000	35.9476600000000	9.20000000000000e-05	1.90000000000000e-05	3724.23615400000	41703.9774700000	100.699637000000
0.00186500000000000	0.0695980000000000	323.404114000000	323.404114000000	11.8019990000000	0.220000000000000	0.0111940000000000	0.00950000000000000	0.0126000000000000	0.0800000000000000	658.482500000000	68.5653130000000	7.70000000000000e-05	2.10000000000000e-05	178.522158000000	2541.88523700000	6.00007900000000
0.00726000000000000	0.0979910000000000	323.412444000000	323.412444000000	11.8032880000000	0.280000000000000	0.0111940000000000	0.00950000000000000	0.0126000000000000	0.0800000000000000	658.461020000000	68.5752700000000	7.70000000000000e-05	2.10000000000000e-05	694.950478000000	3579.28109300000	11.5001860000000
0.00469300000000000	0.272907000000000	323.391196000000	323.391196000000	11.8009020000000	0.530000000000000	0.0111940000000000	0.00950000000000000	0.0126000000000000	0.0800000000000000	658.500780000000	68.5568400000000	7.70000000000000e-05	2.10000000000000e-05	449.221452000000	9966.23048800000	21.7999860000000
0.0119420000000000	0.502293000000000	323.391196000000	323.391196000000	11.8009700000000	0.720000000000000	0.0111940000000000	0.00950000000000000	0.0126000000000000	0.0800000000000000	658.499647000000	68.5573650000000	7.70000000000000e-05	2.10000000000000e-05	1143.10785300000	18343.2395800000	42.2996870000000
0.0179470000000000	0.874945000000000	323.391196000000	323.391196000000	11.8006630000000	0.850000000000000	0.0111940000000000	0.00950000000000000	0.0126000000000000	0.0800000000000000	658.504763000000	68.5549940000000	7.70000000000000e-05	2.10000000000000e-05	1717.91259700000	31951.2352000000	71.8000340000000
0.0359280000000000	1.14999800000000	323.391196000000	323.391196000000	11.8010130000000	0.860000000000000	0.0111940000000000	0.00950000000000000	0.0126000000000000	0.0800000000000000	658.498931000000	68.5576970000000	7.70000000000000e-05	2.10000000000000e-05	3439.08820800000	41996.9431400000	102.499764000000
1.49685300000000	6.78647400000000	151.071562000000	151.071562000000	0.490000000000000	0.708481000000000	0.0120970000000000	0.0123000000000000	0.0162000000000000	0.0680000000000000	916.004278000000	2.61774800000000	0.000181000000000000	1.40000000000000e-05	91525.0486900000	15352.6708800000	1388.88903000000
1.48285600000000	11.6841310000000	151.071562000000	151.071562000000	0.490000000000000	0.772085000000000	0.0120970000000000	0.0123000000000000	0.0162000000000000	0.0680000000000000	916.004278000000	2.61774800000000	0.000181000000000000	1.40000000000000e-05	90669.2023900000	26432.3738300000	1388.88855000000
1.47108000000000	15.8050400000000	151.071562000000	151.071562000000	0.490000000000000	0.814488000000000	0.0120970000000000	0.0123000000000000	0.0162000000000000	0.0680000000000000	916.004278000000	2.61774800000000	0.000181000000000000	1.40000000000000e-05	89949.1590900000	35754.8820400000	1388.88918500000
1.45503600000000	21.4189620000000	151.071562000000	151.071562000000	0.490000000000000	0.835689000000000	0.0120970000000000	0.0123000000000000	0.0162000000000000	0.0680000000000000	916.004278000000	2.61774800000000	0.000181000000000000	1.40000000000000e-05	88968.1490100000	48454.9523300000	1388.88864600000
1.44124100000000	26.2460540000000	151.071562000000	151.071562000000	0.490000000000000	0.851590000000000	0.0120970000000000	0.0123000000000000	0.0162000000000000	0.0680000000000000	916.004278000000	2.61774800000000	0.000181000000000000	1.40000000000000e-05	88124.6539900000	59375.0199200000	1388.88847700000
0.899092000000000	3.72903200000000	151.071562000000	151.071562000000	0.490000000000000	0.673145000000000	0.0120970000000000	0.0123000000000000	0.0162000000000000	0.0680000000000000	916.004278000000	2.61774800000000	0.000181000000000000	1.40000000000000e-05	54974.9635300000	8435.98619700000	833.333784000000
0.889694000000000	7.01748200000000	151.071562000000	151.071562000000	0.490000000000000	0.752650000000000	0.0120970000000000	0.0123000000000000	0.0162000000000000	0.0680000000000000	916.004278000000	2.61774800000000	0.000181000000000000	1.40000000000000e-05	54400.3229900000	15875.2677100000	833.333510000000
0.880781000000000	10.1362570000000	151.071562000000	151.071562000000	0.490000000000000	0.809187000000000	0.0120970000000000	0.0123000000000000	0.0162000000000000	0.0680000000000000	916.004278000000	2.61774800000000	0.000181000000000000	1.40000000000000e-05	53855.3377700000	22930.7027000000	833.333331000000
0.871839000000000	13.2652190000000	151.071562000000	151.071562000000	0.490000000000000	0.837456000000000	0.0120970000000000	0.0123000000000000	0.0162000000000000	0.0680000000000000	916.004278000000	2.61774800000000	0.000181000000000000	1.40000000000000e-05	53308.5793500000	30009.1831900000	833.333254000000
0.863054000000000	16.3394260000000	151.071562000000	151.071562000000	0.490000000000000	0.853357000000000	0.0120970000000000	0.0123000000000000	0.0162000000000000	0.0680000000000000	916.004278000000	2.61774800000000	0.000181000000000000	1.40000000000000e-05	52771.4206900000	36963.7944100000	833.333656000000
0.930829000000000	1.32723100000000	179.002014000000	179.002014000000	0.980000000000000	0.469065000000000	0.0120970000000000	0.0123000000000000	0.0162000000000000	0.0680000000000000	888.062896000000	5.04684800000000	0.000151000000000000	1.50000000000000e-05	66106.3654100000	5419.61085500000	833.333031000000
0.911707000000000	4.69203700000000	179.002014000000	179.002014000000	0.980000000000000	0.738849000000000	0.0120970000000000	0.0123000000000000	0.0162000000000000	0.0680000000000000	888.062896000000	5.04684800000000	0.000151000000000000	1.50000000000000e-05	64748.3437800000	19159.4490000000	833.333157000000
0.883968000000000	9.57313600000000	179.002014000000	179.002014000000	0.980000000000000	0.835971000000000	0.0120970000000000	0.0123000000000000	0.0162000000000000	0.0680000000000000	888.062896000000	5.04684800000000	0.000151000000000000	1.50000000000000e-05	62778.3530800000	39090.9131700000	833.333347000000
0.855880000000000	14.5156600000000	179.002014000000	179.002014000000	0.980000000000000	0.868345000000000	0.0120970000000000	0.0123000000000000	0.0162000000000000	0.0680000000000000	888.062896000000	5.04684800000000	0.000151000000000000	1.50000000000000e-05	60783.5768200000	59273.2000000000	833.333605000000
0.826834000000000	19.6266050000000	179.002014000000	179.002014000000	0.980000000000000	0.883453000000000	0.0120970000000000	0.0123000000000000	0.0162000000000000	0.0680000000000000	888.062896000000	5.04684800000000	0.000151000000000000	1.50000000000000e-05	58720.7645400000	80143.2166000000	833.333094000000
1.55183900000000	2.13169300000000	179.002014000000	179.002014000000	0.980000000000000	0.500168000000000	0.0120970000000000	0.0123000000000000	0.0162000000000000	0.0680000000000000	888.062896000000	5.04684800000000	0.000151000000000000	1.50000000000000e-05	110209.755000000	8704.54843400000	1388.88896700000
1.52087900000000	7.57953800000000	179.002014000000	179.002014000000	0.980000000000000	0.749081000000000	0.0120970000000000	0.0123000000000000	0.0162000000000000	0.0680000000000000	888.062896000000	5.04684800000000	0.000151000000000000	1.50000000000000e-05	108011.012700000	30950.2614200000	1388.88898700000
1.47436400000000	15.7645140000000	179.002014000000	179.002014000000	0.980000000000000	0.831543000000000	0.0120970000000000	0.0123000000000000	0.0162000000000000	0.0680000000000000	888.062896000000	5.04684800000000	0.000151000000000000	1.50000000000000e-05	104707.572900000	64372.7664600000	1388.88907300000
1.42776300000000	23.9646260000000	179.002014000000	179.002014000000	0.980000000000000	0.865521000000000	0.0120970000000000	0.0123000000000000	0.0162000000000000	0.0680000000000000	888.062896000000	5.04684800000000	0.000151000000000000	1.50000000000000e-05	101398.025400000	97857.0777900000	1388.88917500000
1.38202600000000	32.0125530000000	179.002014000000	179.002014000000	0.980000000000000	0.881306000000000	0.0120970000000000	0.0123000000000000	0.0162000000000000	0.0680000000000000	888.062896000000	5.04684800000000	0.000151000000000000	1.50000000000000e-05	98149.8382200000	130719.957400000	1388.88850900000
2.15869800000000	0.544014000000000	300.099915000000	300.099915000000	8.60000000000000	0.129308000000000	0.0130270000000000	0.0123000000000000	0.0162000000000000	0.132500000000000	711.930137000000	46.2443750000000	8.60000000000000e-05	2.00000000000000e-05	233290.368900000	16733.7004600000	1561.99975000000
2.02324100000000	2.62937700000000	300.099915000000	300.099915000000	8.60000000000000	0.459929000000000	0.0130270000000000	0.0123000000000000	0.0162000000000000	0.132500000000000	711.930137000000	46.2443750000000	8.60000000000000e-05	2.00000000000000e-05	218651.538700000	80878.8139700000	1562.00013700000
1.81343200000000	5.85937800000000	300.099915000000	300.099915000000	8.60000000000000	0.669817000000000	0.0130270000000000	0.0123000000000000	0.0162000000000000	0.132500000000000	711.930137000000	46.2443750000000	8.60000000000000e-05	2.00000000000000e-05	195977.492100000	180232.634300000	1562.00016300000
2.08022200000000	0.811905000000000	287.741404000000	287.741404000000	7.20000000000000	0.174474000000000	0.0130270000000000	0.0123000000000000	0.0162000000000000	0.132500000000000	736.167856000000	37.6982190000000	9.10000000000000e-05	1.90000000000000e-05	220372.588500000	21010.3546700000	1561.99994300000
2.01928600000000	2.00185800000000	287.741404000000	287.741404000000	7.20000000000000	0.394354000000000	0.0130270000000000	0.0123000000000000	0.0162000000000000	0.132500000000000	736.167856000000	37.6982190000000	9.10000000000000e-05	1.90000000000000e-05	213917.208200000	51803.7782400000	1561.99992800000
1.95372000000000	3.28221900000000	287.741404000000	287.741404000000	7.20000000000000	0.514650000000000	0.0130270000000000	0.0123000000000000	0.0162000000000000	0.132500000000000	736.167856000000	37.6982190000000	9.10000000000000e-05	1.90000000000000e-05	206971.339400000	84936.7663600000	1561.99967700000
1.94925200000000	3.36948000000000	287.741404000000	287.741404000000	7.20000000000000	0.524387000000000	0.0130270000000000	0.0123000000000000	0.0162000000000000	0.132500000000000	736.167856000000	37.6982190000000	9.10000000000000e-05	1.90000000000000e-05	206498.012600000	87194.8933000000	1562.00006300000
1.86871100000000	4.94228500000000	287.741404000000	287.741404000000	7.20000000000000	0.622477000000000	0.0130270000000000	0.0123000000000000	0.0162000000000000	0.132500000000000	736.167856000000	37.6982190000000	9.10000000000000e-05	1.90000000000000e-05	197965.736400000	127895.703000000	1562.00031600000
1.74782100000000	7.30300600000000	287.741404000000	287.741404000000	7.20000000000000	0.718167000000000	0.0130270000000000	0.0123000000000000	0.0162000000000000	0.132500000000000	736.167856000000	37.6982190000000	9.10000000000000e-05	1.90000000000000e-05	185159.006100000	188986.083600000	1561.99996200000
1.59551600000000	10.2772020000000	287.741404000000	287.741404000000	7.20000000000000	0.788769000000000	0.0130270000000000	0.0123000000000000	0.0162000000000000	0.132500000000000	736.167856000000	37.6982190000000	9.10000000000000e-05	1.90000000000000e-05	169024.263200000	265951.877400000	1561.99981000000
1.91024800000000	1.66958100000000	248.857015000000	248.857015000000	3.90000000000000	0.290286000000000	0.0130270000000000	0.0123000000000000	0.0162000000000000	0.132500000000000	800.586987000000	19.5738720000000	0.000107000000000000	1.70000000000000e-05	186517.704200000	24485.7104600000	1561.99985500000
1.85697200000000	3.84860700000000	248.857015000000	248.857015000000	3.90000000000000	0.516537000000000	0.0130270000000000	0.0123000000000000	0.0162000000000000	0.132500000000000	800.586987000000	19.5738720000000	0.000107000000000000	1.70000000000000e-05	181315.805200000	56442.8300600000	1561.99975800000
1.71986900000000	9.45625100000000	248.857015000000	248.857015000000	3.90000000000000	0.731768000000000	0.0130270000000000	0.0123000000000000	0.0162000000000000	0.132500000000000	800.586987000000	19.5738720000000	0.000107000000000000	1.70000000000000e-05	167928.990000000	138683.312700000	1562.00018400000
1.59905500000000	14.3976420000000	248.857015000000	248.857015000000	3.90000000000000	0.801947000000000	0.0130270000000000	0.0123000000000000	0.0162000000000000	0.132500000000000	800.586987000000	19.5738720000000	0.000107000000000000	1.70000000000000e-05	156132.642200000	211152.674400000	1562.00022200000
1.46174800000000	20.0135850000000	248.857015000000	248.857015000000	3.90000000000000	0.869273000000000	0.0130270000000000	0.0123000000000000	0.0162000000000000	0.132500000000000	800.586987000000	19.5738720000000	0.000107000000000000	1.70000000000000e-05	142725.908400000	293514.868400000	1561.99977200000
1.70268100000000	9.88976600000000	179.002014000000	179.002014000000	0.980000000000000	0.625164000000000	0.0130270000000000	0.0123000000000000	0.0162000000000000	0.132500000000000	888.062896000000	5.04684800000000	0.000151000000000000	1.50000000000000e-05	130218.712500000	43488.4907100000	1561.99996800000
1.66567800000000	16.4010290000000	179.002014000000	179.002014000000	0.980000000000000	0.751468000000000	0.0130270000000000	0.0123000000000000	0.0162000000000000	0.132500000000000	888.062896000000	5.04684800000000	0.000151000000000000	1.50000000000000e-05	127388.773700000	72120.6141000000	1562.00033300000
1.62118700000000	24.2298340000000	179.002014000000	179.002014000000	0.980000000000000	0.832938000000000	0.0130270000000000	0.0123000000000000	0.0162000000000000	0.132500000000000	888.062896000000	5.04684800000000	0.000151000000000000	1.50000000000000e-05	123986.162900000	106546.394600000	1562.00031700000
0.335333000000000	1.13321900000000	300.099915000000	300.099915000000	8.60000000000000	0.657160000000000	0.0130270000000000	0.0123000000000000	0.0162000000000000	0.132500000000000	711.930137000000	46.2443750000000	8.60000000000000e-05	2.00000000000000e-05	36239.4180500000	34857.4619300000	291.138673000000
0.670667000000000	2.26643900000000	300.099915000000	300.099915000000	8.60000000000000	0.678382000000000	0.0130270000000000	0.0123000000000000	0.0162000000000000	0.132500000000000	711.930137000000	46.2443750000000	8.60000000000000e-05	2.00000000000000e-05	72478.9441800000	69714.9546300000	582.278103000000
1.00114100000000	3.38323600000000	300.099915000000	300.099915000000	8.60000000000000	0.699591000000000	0.0130270000000000	0.0123000000000000	0.0162000000000000	0.132500000000000	711.930137000000	46.2443750000000	8.60000000000000e-05	2.00000000000000e-05	108193.250400000	104067.281000000	869.198082000000
1.80788600000000	6.10953400000000	300.099915000000	300.099915000000	8.60000000000000	0.711155000000000	0.0130270000000000	0.0123000000000000	0.0162000000000000	0.132500000000000	711.930137000000	46.2443750000000	8.60000000000000e-05	2.00000000000000e-05	195378.136200000	187927.354600000	1569.62010600000
2.29873600000000	7.76830500000000	300.099915000000	300.099915000000	8.60000000000000	0.724987000000000	0.0130270000000000	0.0123000000000000	0.0162000000000000	0.132500000000000	711.930137000000	46.2443750000000	8.60000000000000e-05	2.00000000000000e-05	248424.267500000	238950.631600000	1995.77984100000
0.324293000000000	1.39011900000000	287.741404000000	287.741404000000	7.20000000000000	0.611847000000000	0.0130270000000000	0.0123000000000000	0.0162000000000000	0.132500000000000	736.167856000000	37.6982190000000	9.10000000000000e-05	1.90000000000000e-05	34354.6447600000	35973.2890200000	291.139094000000
0.958779000000000	4.10991900000000	287.741404000000	287.741404000000	7.20000000000000	0.658940000000000	0.0130270000000000	0.0123000000000000	0.0162000000000000	0.132500000000000	736.167856000000	37.6982190000000	9.10000000000000e-05	1.90000000000000e-05	101570.221800000	106355.861600000	860.758910000000
0.293877000000000	2.63849700000000	248.857015000000	248.857015000000	3.90000000000000	0.747772000000000	0.0130270000000000	0.0123000000000000	0.0162000000000000	0.132500000000000	800.586987000000	19.5738720000000	0.000107000000000000	1.70000000000000e-05	28694.3178900000	38695.6209900000	286.919704000000
0.885953000000000	7.95428800000000	248.857015000000	248.857015000000	3.90000000000000	0.776141000000000	0.0130270000000000	0.0123000000000000	0.0162000000000000	0.132500000000000	800.586987000000	19.5738720000000	0.000107000000000000	1.70000000000000e-05	86504.9562000000	116655.851300000	864.978656000000
0.379253000000000	0.127497000000000	287.741404000000	287.741404000000	7.20000000000000	0.145806000000000	0.0130270000000000	0.0123000000000000	0.0162000000000000	0.132500000000000	736.167856000000	37.6982190000000	9.10000000000000e-05	1.90000000000000e-05	40176.9452000000	3299.34806300000	284.000278000000
0.369007000000000	0.327572000000000	287.741404000000	287.741404000000	7.20000000000000	0.297007000000000	0.0130270000000000	0.0123000000000000	0.0162000000000000	0.132500000000000	736.167856000000	37.6982190000000	9.10000000000000e-05	1.90000000000000e-05	39091.5141500000	8476.85862200000	283.999973000000
0.355479000000000	0.591742000000000	287.741404000000	287.741404000000	7.20000000000000	0.440593000000000	0.0130270000000000	0.0123000000000000	0.0162000000000000	0.132500000000000	736.167856000000	37.6982190000000	9.10000000000000e-05	1.90000000000000e-05	37658.3977000000	15313.0098900000	283.999833000000
0.341287000000000	0.868893000000000	287.741404000000	287.741404000000	7.20000000000000	0.545254000000000	0.0130270000000000	0.0123000000000000	0.0162000000000000	0.132500000000000	736.167856000000	37.6982190000000	9.10000000000000e-05	1.90000000000000e-05	36154.9390400000	22485.0815000000	284.000238000000
0.319222000000000	1.29976400000000	287.741404000000	287.741404000000	7.20000000000000	0.655533000000000	0.0130270000000000	0.0123000000000000	0.0162000000000000	0.132500000000000	736.167856000000	37.6982190000000	9.10000000000000e-05	1.90000000000000e-05	33817.4379700000	33635.0960100000	283.999764000000
0.292995000000000	1.81193000000000	287.741404000000	287.741404000000	7.20000000000000	0.729673000000000	0.0130270000000000	0.0123000000000000	0.0162000000000000	0.132500000000000	736.167856000000	37.6982190000000	9.10000000000000e-05	1.90000000000000e-05	31039.0268700000	46888.8502200000	284.000036000000
0.756767000000000	0.288940000000000	287.741404000000	287.741404000000	7.20000000000000	0.171827000000000	0.0130270000000000	0.0123000000000000	0.0162000000000000	0.132500000000000	736.167856000000	37.6982190000000	9.10000000000000e-05	1.90000000000000e-05	80169.6658700000	7477.14557500000	568.000064000000
0.731924000000000	0.774068000000000	287.741404000000	287.741404000000	7.20000000000000	0.375093000000000	0.0130270000000000	0.0123000000000000	0.0162000000000000	0.132500000000000	736.167856000000	37.6982190000000	9.10000000000000e-05	1.90000000000000e-05	77537.8716600000	20031.2145100000	567.999907000000
0.714908000000000	1.10635700000000	287.741404000000	287.741404000000	7.20000000000000	0.471656000000000	0.0130270000000000	0.0123000000000000	0.0162000000000000	0.132500000000000	736.167856000000	37.6982190000000	9.10000000000000e-05	1.90000000000000e-05	75735.2467600000	28630.1389400000	567.999979000000
0.682593000000000	1.73739400000000	287.741404000000	287.741404000000	7.20000000000000	0.592006000000000	0.0130270000000000	0.0123000000000000	0.0162000000000000	0.132500000000000	736.167856000000	37.6982190000000	9.10000000000000e-05	1.90000000000000e-05	72311.8908900000	44960.0188900000	567.999686000000
0.636708000000000	2.63344500000000	287.741404000000	287.741404000000	7.20000000000000	0.684151000000000	0.0130270000000000	0.0123000000000000	0.0162000000000000	0.132500000000000	736.167856000000	37.6982190000000	9.10000000000000e-05	1.90000000000000e-05	67450.9692100000	68147.8910100000	568.000151000000
0.582499000000000	3.69203900000000	287.741404000000	287.741404000000	7.20000000000000	0.747949000000000	0.0130270000000000	0.0123000000000000	0.0162000000000000	0.132500000000000	736.167856000000	37.6982190000000	9.10000000000000e-05	1.90000000000000e-05	61708.2275000000	95542.0262700000	568.000337000000
1.13581500000000	0.420438000000000	287.741404000000	287.741404000000	7.20000000000000	0.184802000000000	0.0130270000000000	0.0123000000000000	0.0162000000000000	0.132500000000000	736.167856000000	37.6982190000000	9.10000000000000e-05	1.90000000000000e-05	120324.894000000	10880.0309100000	852.000258000000
1.10248800000000	1.07124300000000	287.741404000000	287.741404000000	7.20000000000000	0.387998000000000	0.0130270000000000	0.0123000000000000	0.0162000000000000	0.132500000000000	736.167856000000	37.6982190000000	9.10000000000000e-05	1.90000000000000e-05	116794.329800000	27721.4641700000	852.000181000000
1.06254800000000	1.85118700000000	287.741404000000	287.741404000000	7.20000000000000	0.513390000000000	0.0130270000000000	0.0123000000000000	0.0162000000000000	0.132500000000000	736.167856000000	37.6982190000000	9.10000000000000e-05	1.90000000000000e-05	112563.203900000	47904.7369200000	852.000137000000
1.01537200000000	2.77243000000000	287.741404000000	287.741404000000	7.20000000000000	0.607744000000000	0.0130270000000000	0.0123000000000000	0.0162000000000000	0.132500000000000	736.167856000000	37.6982190000000	9.10000000000000e-05	1.90000000000000e-05	107565.517500000	71744.5238000000	851.999903000000
0.953760000000000	3.97559300000000	287.741404000000	287.741404000000	7.20000000000000	0.699759000000000	0.0130270000000000	0.0123000000000000	0.0162000000000000	0.132500000000000	736.167856000000	37.6982190000000	9.10000000000000e-05	1.90000000000000e-05	101038.523800000	102879.793800000	852.000232000000
0.870486000000000	5.60174600000000	287.741404000000	287.741404000000	7.20000000000000	0.776579000000000	0.0130270000000000	0.0123000000000000	0.0162000000000000	0.132500000000000	736.167856000000	37.6982190000000	9.10000000000000e-05	1.90000000000000e-05	92216.7216100000	144961.134900000	851.999663000000
2.65178400000000	0.950752000000000	287.741404000000	287.741404000000	7.20000000000000	0.197777000000000	0.0130270000000000	0.0123000000000000	0.0162000000000000	0.132500000000000	736.167856000000	37.6982190000000	9.10000000000000e-05	1.90000000000000e-05	280922.182400000	24603.4163100000	1987.99980100000
2.56332500000000	2.67817900000000	287.741404000000	287.741404000000	7.20000000000000	0.414042000000000	0.0130270000000000	0.0123000000000000	0.0162000000000000	0.132500000000000	736.167856000000	37.6982190000000	9.10000000000000e-05	1.90000000000000e-05	271551.096600000	69305.5106900000	1988.00005000000
2.48237000000000	4.25905600000000	287.741404000000	287.741404000000	7.20000000000000	0.531548000000000	0.0130270000000000	0.0123000000000000	0.0162000000000000	0.132500000000000	736.167856000000	37.6982190000000	9.10000000000000e-05	1.90000000000000e-05	262974.962500000	110215.206400000	1987.99982900000
2.38608500000000	6.13930800000000	287.741404000000	287.741404000000	7.20000000000000	0.636185000000000	0.0130270000000000	0.0123000000000000	0.0162000000000000	0.132500000000000	736.167856000000	37.6982190000000	9.10000000000000e-05	1.90000000000000e-05	252774.813400000	158872.082900000	1988.00006000000
2.22396500000000	9.30517600000000	287.741404000000	287.741404000000	7.20000000000000	0.736134000000000	0.0130270000000000	0.0123000000000000	0.0162000000000000	0.132500000000000	736.167856000000	37.6982190000000	9.10000000000000e-05	1.90000000000000e-05	235600.298300000	240797.935700000	1988.00011400000
2.07944500000000	0.827070000000000	287.741404000000	287.741404000000	7.20000000000000	0.198321000000000	0.0130270000000000	0.0123000000000000	0.0162000000000000	0.132500000000000	736.167856000000	37.6982190000000	9.10000000000000e-05	1.90000000000000e-05	220290.275400000	21402.7922400000	1561.99963500000
2.01675700000000	2.05124700000000	287.741404000000	287.741404000000	7.20000000000000	0.389739000000000	0.0130270000000000	0.0123000000000000	0.0162000000000000	0.132500000000000	736.167856000000	37.6982190000000	9.10000000000000e-05	1.90000000000000e-05	213649.293400000	53081.8593100000	1562.00003700000
1.95392800000000	3.27815900000000	287.741404000000	287.741404000000	7.20000000000000	0.515889000000000	0.0130270000000000	0.0123000000000000	0.0162000000000000	0.132500000000000	736.167856000000	37.6982190000000	9.10000000000000e-05	1.90000000000000e-05	206993.374300000	84831.7022900000	1561.99974500000
1.86539400000000	5.00704700000000	287.741404000000	287.741404000000	7.20000000000000	0.623504000000000	0.0130270000000000	0.0123000000000000	0.0162000000000000	0.132500000000000	736.167856000000	37.6982190000000	9.10000000000000e-05	1.90000000000000e-05	197614.343200000	129571.604200000	1561.99985900000
1.74366200000000	7.38421700000000	287.741404000000	287.741404000000	7.20000000000000	0.710286000000000	0.0130270000000000	0.0123000000000000	0.0162000000000000	0.132500000000000	736.167856000000	37.6982190000000	9.10000000000000e-05	1.90000000000000e-05	184718.413900000	191087.649600000	1561.99975000000
1.59729200000000	10.2425220000000	287.741404000000	287.741404000000	7.20000000000000	0.778529000000000	0.0130270000000000	0.0123000000000000	0.0162000000000000	0.132500000000000	736.167856000000	37.6982190000000	9.10000000000000e-05	1.90000000000000e-05	169212.407400000	265054.433600000	1561.99987000000
2.07944500000000	0.827070000000000	287.741404000000	287.741404000000	7.20000000000000	0.198321000000000	0.0130270000000000	0.0123000000000000	0.0162000000000000	0.132500000000000	736.167856000000	37.6982190000000	9.10000000000000e-05	1.90000000000000e-05	220290.275400000	21402.7922400000	1561.99963500000
2.01354200000000	2.11402000000000	287.741404000000	287.741404000000	7.20000000000000	0.387422000000000	0.0130270000000000	0.0123000000000000	0.0162000000000000	0.132500000000000	736.167856000000	37.6982190000000	9.10000000000000e-05	1.90000000000000e-05	213308.705800000	54706.2895000000	1561.99968800000
1.94964400000000	3.36181500000000	287.741404000000	287.741404000000	7.20000000000000	0.513577000000000	0.0130270000000000	0.0123000000000000	0.0162000000000000	0.132500000000000	736.167856000000	37.6982190000000	9.10000000000000e-05	1.90000000000000e-05	206539.540000000	86996.5395900000	1561.99968400000
1.86538400000000	5.00725400000000	287.741404000000	287.741404000000	7.20000000000000	0.618842000000000	0.0130270000000000	0.0123000000000000	0.0162000000000000	0.132500000000000	736.167856000000	37.6982190000000	9.10000000000000e-05	1.90000000000000e-05	197613.283900000	129576.960900000	1562.00030100000
1.74045200000000	7.44690700000000	287.741404000000	287.741404000000	7.20000000000000	0.710300000000000	0.0130270000000000	0.0123000000000000	0.0162000000000000	0.132500000000000	736.167856000000	37.6982190000000	9.10000000000000e-05	1.90000000000000e-05	184378.355900000	192709.931900000	1561.99995200000
1.59194500000000	10.3469360000000	287.741404000000	287.741404000000	7.20000000000000	0.778552000000000	0.0130270000000000	0.0123000000000000	0.0162000000000000	0.132500000000000	736.167856000000	37.6982190000000	9.10000000000000e-05	1.90000000000000e-05	168645.962000000	267756.443300000	1561.99980200000
0.374581000000000	0.347617000000000	263.940722000000	263.940722000000	5	0.284900000000000	0.0170150000000000	0.0180000000000000	0.0255600000000000	0.0426750000000000	777.368954000000	25.3511980000000	0.000100000000000000	1.80000000000000e-05	49486.0171200000	8346.96121400000	300.000148000000
0.367586000000000	0.562104000000000	263.940722000000	263.940722000000	5	0.384615000000000	0.0170150000000000	0.0180000000000000	0.0255600000000000	0.0426750000000000	777.368954000000	25.3511980000000	0.000100000000000000	1.80000000000000e-05	48561.9054000000	13497.2118400000	299.999954000000
0.362039000000000	0.732214000000000	263.940722000000	263.940722000000	5	0.454416000000000	0.0170150000000000	0.0180000000000000	0.0255600000000000	0.0426750000000000	777.368954000000	25.3511980000000	0.000100000000000000	1.80000000000000e-05	47829.0894400000	17581.8842500000	300.000381000000
0.351667000000000	1.05024600000000	263.940722000000	263.940722000000	5	0.529915000000000	0.0170150000000000	0.0180000000000000	0.0255600000000000	0.0426750000000000	777.368954000000	25.3511980000000	0.000100000000000000	1.80000000000000e-05	46458.8411600000	25218.4520000000	300.000003000000
0.345396000000000	1.24254500000000	263.940722000000	263.940722000000	5	0.578348000000000	0.0170150000000000	0.0180000000000000	0.0255600000000000	0.0426750000000000	777.368954000000	25.3511980000000	0.000100000000000000	1.80000000000000e-05	45630.3773200000	29835.9255200000	300.000132000000
0.334783000000000	1.56797300000000	263.940722000000	263.940722000000	5	0.643875000000000	0.0170150000000000	0.0180000000000000	0.0255600000000000	0.0426750000000000	777.368954000000	25.3511980000000	0.000100000000000000	1.80000000000000e-05	44228.2904600000	37650.0856300000	299.999905000000
0.326582000000000	1.81944100000000	263.940722000000	263.940722000000	5	0.683761000000000	0.0170150000000000	0.0180000000000000	0.0255600000000000	0.0426750000000000	777.368954000000	25.3511980000000	0.000100000000000000	1.80000000000000e-05	43144.8536900000	43688.3220900000	299.999717000000
0.316934000000000	2.11528500000000	263.940722000000	263.940722000000	5	0.722222000000000	0.0170150000000000	0.0180000000000000	0.0255600000000000	0.0426750000000000	777.368954000000	25.3511980000000	0.000100000000000000	1.80000000000000e-05	41870.2532900000	50792.1127300000	299.999662000000
0.309216000000000	2.35196000000000	263.940722000000	263.940722000000	5	0.743590000000000	0.0170150000000000	0.0180000000000000	0.0255600000000000	0.0426750000000000	777.368954000000	25.3511980000000	0.000100000000000000	1.80000000000000e-05	40850.6258200000	56475.1404500000	299.999923000000
0.298845000000000	2.66999200000000	263.940722000000	263.940722000000	5	0.784900000000000	0.0170150000000000	0.0180000000000000	0.0255600000000000	0.0426750000000000	777.368954000000	25.3511980000000	0.000100000000000000	1.80000000000000e-05	39480.5096500000	64111.7081900000	300.000322000000
0.289679000000000	2.95104400000000	263.940722000000	263.940722000000	5	0.809117000000000	0.0170150000000000	0.0180000000000000	0.0255600000000000	0.0426750000000000	777.368954000000	25.3511980000000	0.000100000000000000	1.80000000000000e-05	38269.5864200000	70860.3141100000	299.999963000000
0.281237000000000	3.20990700000000	263.940722000000	263.940722000000	5	0.833333000000000	0.0170150000000000	0.0180000000000000	0.0255600000000000	0.0426750000000000	777.368954000000	25.3511980000000	0.000100000000000000	1.80000000000000e-05	37154.3110700000	77076.1189200000	299.999902000000
0.271348000000000	3.51314800000000	263.940722000000	263.940722000000	5	0.856125000000000	0.0170150000000000	0.0180000000000000	0.0255600000000000	0.0426750000000000	777.368954000000	25.3511980000000	0.000100000000000000	1.80000000000000e-05	35847.8720800000	84357.5259500000	300.000023000000
0.251811000000000	4.11223200000000	263.940722000000	263.940722000000	5	0.874644000000000	0.0170150000000000	0.0180000000000000	0.0255600000000000	0.0426750000000000	777.368954000000	25.3511980000000	0.000100000000000000	1.80000000000000e-05	33266.8326900000	98742.6996100000	300.000063000000
0.235168000000000	4.62256300000000	263.940722000000	263.940722000000	5	0.905983000000000	0.0170150000000000	0.0180000000000000	0.0255600000000000	0.0426750000000000	777.368954000000	25.3511980000000	0.000100000000000000	1.80000000000000e-05	31068.1205800000	110996.740900000	299.999814000000
0.392883000000000	0.256673000000000	285.828811000000	285.828811000000	7	0.235043000000000	0.0170150000000000	0.0180000000000000	0.0255600000000000	0.0426750000000000	739.723964000000	36.5250890000000	9.10000000000000e-05	1.90000000000000e-05	54181.8576200000	8444.69576700000	299.999974000000
0.386293000000000	0.390143000000000	285.828811000000	285.828811000000	7	0.329060000000000	0.0170150000000000	0.0180000000000000	0.0255600000000000	0.0426750000000000	739.723964000000	36.5250890000000	9.10000000000000e-05	1.90000000000000e-05	53273.0414000000	12835.9388800000	300.000197000000
0.381223000000000	0.492812000000000	285.828811000000	285.828811000000	7	0.391738000000000	0.0170150000000000	0.0180000000000000	0.0255600000000000	0.0426750000000000	739.723964000000	36.5250890000000	9.10000000000000e-05	1.90000000000000e-05	52573.8459200000	16213.8106100000	299.999791000000
0.371338000000000	0.693017000000000	285.828811000000	285.828811000000	7	0.477208000000000	0.0170150000000000	0.0180000000000000	0.0255600000000000	0.0426750000000000	739.723964000000	36.5250890000000	9.10000000000000e-05	1.90000000000000e-05	51210.6216000000	22800.6752800000	300.000125000000
0.367789000000000	0.764885000000000	285.828811000000	285.828811000000	7	0.512821000000000	0.0170150000000000	0.0180000000000000	0.0255600000000000	0.0426750000000000	739.723964000000	36.5250890000000	9.10000000000000e-05	1.90000000000000e-05	50721.1847600000	25165.1756200000	299.999830000000
0.359425000000000	0.934289000000000	285.828811000000	285.828811000000	7	0.559829000000000	0.0170150000000000	0.0180000000000000	0.0255600000000000	0.0426750000000000	739.723964000000	36.5250890000000	9.10000000000000e-05	1.90000000000000e-05	49567.7190800000	30738.6689100000	300.000275000000
0.351060000000000	1.10369300000000	285.828811000000	285.828811000000	7	0.592593000000000	0.0170150000000000	0.0180000000000000	0.0255600000000000	0.0426750000000000	739.723964000000	36.5250890000000	9.10000000000000e-05	1.90000000000000e-05	48414.1154900000	36312.1621900000	299.999980000000
0.344977000000000	1.22689600000000	285.828811000000	285.828811000000	7	0.615385000000000	0.0170150000000000	0.0180000000000000	0.0255600000000000	0.0426750000000000	739.723964000000	36.5250890000000	9.10000000000000e-05	1.90000000000000e-05	47575.2188200000	40365.6148400000	300.000239000000
0.333570000000000	1.45790200000000	285.828811000000	285.828811000000	7	0.660969000000000	0.0170150000000000	0.0180000000000000	0.0255600000000000	0.0426750000000000	739.723964000000	36.5250890000000	9.10000000000000e-05	1.90000000000000e-05	46002.0979400000	47965.8509000000	299.999723000000
0.326473000000000	1.60163900000000	285.828811000000	285.828811000000	7	0.700855000000000	0.0170150000000000	0.0180000000000000	0.0255600000000000	0.0426750000000000	739.723964000000	36.5250890000000	9.10000000000000e-05	1.90000000000000e-05	45023.3621800000	52694.8844800000	299.999908000000
0.316334000000000	1.80697700000000	285.828811000000	285.828811000000	7	0.730769000000000	0.0170150000000000	0.0180000000000000	0.0255600000000000	0.0426750000000000	739.723964000000	36.5250890000000	9.10000000000000e-05	1.90000000000000e-05	43625.1091200000	59450.6279400000	299.999836000000
0.305942000000000	2.01744900000000	285.828811000000	285.828811000000	7	0.752137000000000	0.0170150000000000	0.0180000000000000	0.0255600000000000	0.0426750000000000	739.723964000000	36.5250890000000	9.10000000000000e-05	1.90000000000000e-05	42191.9652500000	66375.2830700000	300.000133000000
0.296310000000000	2.21252000000000	285.828811000000	285.828811000000	7	0.780627000000000	0.0170150000000000	0.0180000000000000	0.0255600000000000	0.0426750000000000	739.723964000000	36.5250890000000	9.10000000000000e-05	1.90000000000000e-05	40863.6317500000	72793.2360600000	300.000097000000
0.285411000000000	2.43325900000000	285.828811000000	285.828811000000	7	0.792023000000000	0.0170150000000000	0.0180000000000000	0.0255600000000000	0.0426750000000000	739.723964000000	36.5250890000000	9.10000000000000e-05	1.90000000000000e-05	39360.5683200000	80055.6816600000	300.000357000000
0.264119000000000	2.86446900000000	285.828811000000	285.828811000000	7	0.849003000000000	0.0170150000000000	0.0180000000000000	0.0255600000000000	0.0426750000000000	739.723964000000	36.5250890000000	9.10000000000000e-05	1.90000000000000e-05	36424.2231200000	94242.7494900000	300.000138000000
0.244855000000000	3.25461200000000	285.828811000000	285.828811000000	7	0.870370000000000	0.0170150000000000	0.0180000000000000	0.0255600000000000	0.0426750000000000	739.723964000000	36.5250890000000	9.10000000000000e-05	1.90000000000000e-05	33767.5561100000	107078.688400000	300.000104000000
0.407619000000000	0.257408000000000	303.344984000000	303.344984000000	9	0.289174000000000	0.0170150000000000	0.0180000000000000	0.0255600000000000	0.0426750000000000	705.162153000000	48.8038470000000	8.50000000000000e-05	2.00000000000000e-05	57813.3565700000	10818.5060100000	299.999992000000
0.400972000000000	0.353456000000000	303.344984000000	303.344984000000	9	0.351852000000000	0.0170150000000000	0.0180000000000000	0.0255600000000000	0.0426750000000000	705.162153000000	48.8038470000000	8.50000000000000e-05	2.00000000000000e-05	56870.6002700000	14855.2720200000	300.000291000000
0.391399000000000	0.491765000000000	303.344984000000	303.344984000000	9	0.450142000000000	0.0170150000000000	0.0180000000000000	0.0255600000000000	0.0426750000000000	705.162153000000	48.8038470000000	8.50000000000000e-05	2.00000000000000e-05	55512.8439800000	20668.2100400000	299.999785000000
0.385284000000000	0.580128000000000	303.344984000000	303.344984000000	9	0.491453000000000	0.0170150000000000	0.0180000000000000	0.0255600000000000	0.0426750000000000	705.162153000000	48.8038470000000	8.50000000000000e-05	2.00000000000000e-05	54645.5422200000	24381.9860200000	300.000173000000
0.377573000000000	0.691544000000000	303.344984000000	303.344984000000	9	0.527066000000000	0.0170150000000000	0.0180000000000000	0.0255600000000000	0.0426750000000000	705.162153000000	48.8038470000000	8.50000000000000e-05	2.00000000000000e-05	53551.8768300000	29064.6480400000	300.000197000000
0.366671000000000	0.849062000000000	303.344984000000	303.344984000000	9	0.591168000000000	0.0170150000000000	0.0180000000000000	0.0255600000000000	0.0426750000000000	705.162153000000	48.8038470000000	8.50000000000000e-05	2.00000000000000e-05	52005.6260100000	35684.9140400000	300.000003000000
0.357365000000000	0.983529000000000	303.344984000000	303.344984000000	9	0.621083000000000	0.0170150000000000	0.0180000000000000	0.0255600000000000	0.0426750000000000	705.162153000000	48.8038470000000	8.50000000000000e-05	2.00000000000000e-05	50685.7388200000	41336.3780500000	300.000271000000
0.349388000000000	1.09878600000000	303.344984000000	303.344984000000	9	0.652422000000000	0.0170150000000000	0.0180000000000000	0.0255600000000000	0.0426750000000000	705.162153000000	48.8038470000000	8.50000000000000e-05	2.00000000000000e-05	49554.3461600000	46180.4720400000	300.000178000000
0.337688000000000	1.26783000000000	303.344984000000	303.344984000000	9	0.688034000000000	0.0170150000000000	0.0180000000000000	0.0255600000000000	0.0426750000000000	705.162153000000	48.8038470000000	8.50000000000000e-05	2.00000000000000e-05	47894.9135200000	53285.1600500000	299.999778000000
0.329446000000000	1.38693000000000	303.344984000000	303.344984000000	9	0.709402000000000	0.0170150000000000	0.0180000000000000	0.0255600000000000	0.0426750000000000	705.162153000000	48.8038470000000	8.50000000000000e-05	2.00000000000000e-05	46725.9354200000	58290.7700800000	300.000370000000
0.319076000000000	1.53676400000000	303.344984000000	303.344984000000	9	0.749288000000000	0.0170150000000000	0.0180000000000000	0.0255600000000000	0.0426750000000000	705.162153000000	48.8038470000000	8.50000000000000e-05	2.00000000000000e-05	45255.1391400000	64588.0880700000	300.000314000000
0.308174000000000	1.69428200000000	303.344984000000	303.344984000000	9	0.769231000000000	0.0170150000000000	0.0180000000000000	0.0255600000000000	0.0426750000000000	705.162153000000	48.8038470000000	8.50000000000000e-05	2.00000000000000e-05	43708.8883200000	71208.3540700000	300.000120000000
0.296208000000000	1.86716800000000	303.344984000000	303.344984000000	9	0.804843000000000	0.0170150000000000	0.0180000000000000	0.0255600000000000	0.0426750000000000	705.162153000000	48.8038470000000	8.50000000000000e-05	2.00000000000000e-05	42011.7284100000	78474.5160800000	299.999652000000
0.277064000000000	2.14378600000000	303.344984000000	303.344984000000	9	0.833333000000000	0.0170150000000000	0.0180000000000000	0.0255600000000000	0.0426750000000000	705.162153000000	48.8038470000000	8.50000000000000e-05	2.00000000000000e-05	39296.4994900000	90100.3921100000	300.000050000000
0.255526000000000	2.45498100000000	303.344984000000	303.344984000000	9	0.863248000000000	0.0170150000000000	0.0180000000000000	0.0255600000000000	0.0426750000000000	705.162153000000	48.8038470000000	8.50000000000000e-05	2.00000000000000e-05	36241.7251200000	103179.492100000	299.999781000000
0.132435000000000	0.102480000000000	295.007727000000	295.007727000000	8	0.167388000000000	0.0170150000000000	0.0180000000000000	0.0255600000000000	0.0426750000000000	722.196275000000	42.5068190000000	8.80000000000000e-05	1.90000000000000e-05	18546.8087700000	3835.27785800000	100.000162000000
0.130162000000000	0.141095000000000	295.007727000000	295.007727000000	8	0.227994000000000	0.0170150000000000	0.0180000000000000	0.0255600000000000	0.0426750000000000	722.196275000000	42.5068190000000	8.80000000000000e-05	1.90000000000000e-05	18228.4873600000	5280.43061500000	100.000011000000
0.127889000000000	0.179710000000000	295.007727000000	295.007727000000	8	0.279942000000000	0.0170150000000000	0.0180000000000000	0.0255600000000000	0.0426750000000000	722.196275000000	42.5068190000000	8.80000000000000e-05	1.90000000000000e-05	17910.1659500000	6725.58337200000	99.9998600000000
0.125616000000000	0.218325000000000	295.007727000000	295.007727000000	8	0.327561000000000	0.0170150000000000	0.0180000000000000	0.0255600000000000	0.0426750000000000	722.196275000000	42.5068190000000	8.80000000000000e-05	1.90000000000000e-05	17591.8445300000	8170.73612800000	99.9997080000000
0.123344000000000	0.256940000000000	295.007727000000	295.007727000000	8	0.385281000000000	0.0170150000000000	0.0180000000000000	0.0255600000000000	0.0426750000000000	722.196275000000	42.5068190000000	8.80000000000000e-05	1.90000000000000e-05	17273.6631600000	9615.88888500000	100.000279000000
0.120721000000000	0.301498000000000	295.007727000000	295.007727000000	8	0.435786000000000	0.0170150000000000	0.0180000000000000	0.0255600000000000	0.0426750000000000	722.196275000000	42.5068190000000	8.80000000000000e-05	1.90000000000000e-05	16906.3261400000	11283.4563200000	99.9999770000000
0.117487000000000	0.356449000000000	295.007727000000	295.007727000000	8	0.486291000000000	0.0170150000000000	0.0180000000000000	0.0255600000000000	0.0426750000000000	722.196275000000	42.5068190000000	8.80000000000000e-05	1.90000000000000e-05	16453.4218500000	13339.9781200000	100.000187000000
0.112329000000000	0.444077000000000	295.007727000000	295.007727000000	8	0.528139000000000	0.0170150000000000	0.0180000000000000	0.0255600000000000	0.0426750000000000	722.196275000000	42.5068190000000	8.80000000000000e-05	1.90000000000000e-05	15731.0717100000	16619.4251100000	99.9998860000000
0.110406000000000	0.476752000000000	295.007727000000	295.007727000000	8	0.567100000000000	0.0170150000000000	0.0180000000000000	0.0255600000000000	0.0426750000000000	722.196275000000	42.5068190000000	8.80000000000000e-05	1.90000000000000e-05	15461.7659200000	17842.2754600000	100.000013000000
0.106560000000000	0.542099000000000	295.007727000000	295.007727000000	8	0.610390000000000	0.0170150000000000	0.0180000000000000	0.0255600000000000	0.0426750000000000	722.196275000000	42.5068190000000	8.80000000000000e-05	1.90000000000000e-05	14923.1543200000	20287.8638900000	100.000139000000
0.103588000000000	0.592597000000000	295.007727000000	295.007727000000	8	0.637807000000000	0.0170150000000000	0.0180000000000000	0.0255600000000000	0.0426750000000000	722.196275000000	42.5068190000000	8.80000000000000e-05	1.90000000000000e-05	14506.9417200000	22177.7337300000	100.000281000000
0.100441000000000	0.646063000000000	295.007727000000	295.007727000000	8	0.670996000000000	0.0170150000000000	0.0180000000000000	0.0255600000000000	0.0426750000000000	722.196275000000	42.5068190000000	8.80000000000000e-05	1.90000000000000e-05	14066.2213200000	24178.6799300000	100.000199000000
0.0970320000000000	0.703986000000000	295.007727000000	295.007727000000	8	0.685426000000000	0.0170150000000000	0.0180000000000000	0.0255600000000000	0.0426750000000000	722.196275000000	42.5068190000000	8.80000000000000e-05	1.90000000000000e-05	13588.8092200000	26346.4277800000	100.000354000000
0.0899510000000000	0.824289000000000	295.007727000000	295.007727000000	8	0.738817000000000	0.0170150000000000	0.0180000000000000	0.0255600000000000	0.0426750000000000	722.196275000000	42.5068190000000	8.80000000000000e-05	1.90000000000000e-05	12597.1532900000	30848.7251200000	100.000180000000
0.0828700000000000	0.944590000000000	295.007727000000	295.007727000000	8	0.787879000000000	0.0170150000000000	0.0180000000000000	0.0255600000000000	0.0426750000000000	722.196275000000	42.5068190000000	8.80000000000000e-05	1.90000000000000e-05	11605.4973600000	35350.9476200000	99.9999210000000
0.331524000000000	0.248772000000000	295.007727000000	295.007727000000	8	0.275613000000000	0.0170150000000000	0.0180000000000000	0.0255600000000000	0.0426750000000000	722.196275000000	42.5068190000000	8.80000000000000e-05	1.90000000000000e-05	46428.1514000000	9310.20436600000	249.999904000000
0.324312000000000	0.371299000000000	295.007727000000	295.007727000000	8	0.370851000000000	0.0170150000000000	0.0180000000000000	0.0255600000000000	0.0426750000000000	722.196275000000	42.5068190000000	8.80000000000000e-05	1.90000000000000e-05	45418.1496300000	13895.7341300000	249.999658000000
0.319941000000000	0.445564000000000	295.007727000000	295.007727000000	8	0.438672000000000	0.0170150000000000	0.0180000000000000	0.0255600000000000	0.0426750000000000	722.196275000000	42.5068190000000	8.80000000000000e-05	1.90000000000000e-05	44806.0146100000	16675.0755600000	249.999706000000
0.315571000000000	0.519822000000000	295.007727000000	295.007727000000	8	0.473304000000000	0.0170150000000000	0.0180000000000000	0.0255600000000000	0.0426750000000000	722.196275000000	42.5068190000000	8.80000000000000e-05	1.90000000000000e-05	44194.0196400000	19454.1550200000	250.000180000000
0.311200000000000	0.594081000000000	295.007727000000	295.007727000000	8	0.505051000000000	0.0170150000000000	0.0180000000000000	0.0255600000000000	0.0426750000000000	722.196275000000	42.5068190000000	8.80000000000000e-05	1.90000000000000e-05	43581.8846200000	22233.2719100000	249.999974000000
0.299180000000000	0.798295000000000	295.007727000000	295.007727000000	8	0.565657000000000	0.0170150000000000	0.0180000000000000	0.0255600000000000	0.0426750000000000	722.196275000000	42.5068190000000	8.80000000000000e-05	1.90000000000000e-05	41898.5483300000	29875.9088400000	249.999662000000
0.289783000000000	0.957958000000000	295.007727000000	295.007727000000	8	0.611833000000000	0.0170150000000000	0.0180000000000000	0.0255600000000000	0.0426750000000000	722.196275000000	42.5068190000000	8.80000000000000e-05	1.90000000000000e-05	40582.5490700000	35851.2403100000	249.999950000000
0.283445000000000	1.06563500000000	295.007727000000	295.007727000000	8	0.649351000000000	0.0170150000000000	0.0180000000000000	0.0255600000000000	0.0426750000000000	722.196275000000	42.5068190000000	8.80000000000000e-05	1.90000000000000e-05	39694.9462900000	39881.0140600000	249.999677000000
0.274485000000000	1.21786900000000	295.007727000000	295.007727000000	8	0.660895000000000	0.0170150000000000	0.0180000000000000	0.0255600000000000	0.0426750000000000	722.196275000000	42.5068190000000	8.80000000000000e-05	1.90000000000000e-05	38440.1465300000	45578.3178200000	249.999781000000
0.268366000000000	1.32182900000000	295.007727000000	295.007727000000	8	0.696970000000000	0.0170150000000000	0.0180000000000000	0.0255600000000000	0.0426750000000000	722.196275000000	42.5068190000000	8.80000000000000e-05	1.90000000000000e-05	37583.2135200000	49468.9841600000	249.999671000000
0.259406000000000	1.47406400000000	295.007727000000	295.007727000000	8	0.715729000000000	0.0170150000000000	0.0180000000000000	0.0255600000000000	0.0426750000000000	722.196275000000	42.5068190000000	8.80000000000000e-05	1.90000000000000e-05	36328.4137600000	55166.3253400000	249.999818000000
0.249572000000000	1.64114800000000	295.007727000000	295.007727000000	8	0.747475000000000	0.0170150000000000	0.0180000000000000	0.0255600000000000	0.0426750000000000	722.196275000000	42.5068190000000	8.80000000000000e-05	1.90000000000000e-05	34951.2150000000	61419.3851200000	249.999949000000
0.242142000000000	1.76739300000000	295.007727000000	295.007727000000	8	0.773449000000000	0.0170150000000000	0.0180000000000000	0.0255600000000000	0.0426750000000000	722.196275000000	42.5068190000000	8.80000000000000e-05	1.90000000000000e-05	33910.6835000000	66144.0597200000	250.000304000000
0.221380000000000	2.12013000000000	295.007727000000	295.007727000000	8	0.832612000000000	0.0170150000000000	0.0180000000000000	0.0255600000000000	0.0426750000000000	722.196275000000	42.5068190000000	8.80000000000000e-05	1.90000000000000e-05	31003.0771800000	79345.1175400000	249.999793000000
0.210454000000000	2.30577700000000	295.007727000000	295.007727000000	8	0.854257000000000	0.0170150000000000	0.0180000000000000	0.0255600000000000	0.0426750000000000	722.196275000000	42.5068190000000	8.80000000000000e-05	1.90000000000000e-05	29472.9497000000	86292.8910500000	250.000339000000
0.473924000000000	0.181938000000000	295.007727000000	295.007727000000	8	0.180375000000000	0.0170150000000000	0.0180000000000000	0.0255600000000000	0.0426750000000000	722.196275000000	42.5068190000000	8.80000000000000e-05	1.90000000000000e-05	66370.5047800000	6808.96548600000	349.999753000000
0.466887000000000	0.301495000000000	295.007727000000	295.007727000000	8	0.256854000000000	0.0170150000000000	0.0180000000000000	0.0255600000000000	0.0426750000000000	722.196275000000	42.5068190000000	8.80000000000000e-05	1.90000000000000e-05	65385.0108100000	11283.3440500000	349.999645000000
0.458321000000000	0.447047000000000	295.007727000000	295.007727000000	8	0.333333000000000	0.0170150000000000	0.0180000000000000	0.0255600000000000	0.0426750000000000	722.196275000000	42.5068190000000	8.80000000000000e-05	1.90000000000000e-05	64185.3886300000	16730.5763200000	350.000265000000
0.451590000000000	0.561409000000000	295.007727000000	295.007727000000	8	0.402597000000000	0.0170150000000000	0.0180000000000000	0.0255600000000000	0.0426750000000000	722.196275000000	42.5068190000000	8.80000000000000e-05	1.90000000000000e-05	63242.7483200000	21010.5338300000	350.000326000000
0.444858000000000	0.675770000000000	295.007727000000	295.007727000000	8	0.437229000000000	0.0170150000000000	0.0180000000000000	0.0255600000000000	0.0426750000000000	722.196275000000	42.5068190000000	8.80000000000000e-05	1.90000000000000e-05	62299.9679600000	25290.4539300000	349.999623000000
0.439045000000000	0.774537000000000	295.007727000000	295.007727000000	8	0.479076000000000	0.0170150000000000	0.0180000000000000	0.0255600000000000	0.0426750000000000	722.196275000000	42.5068190000000	8.80000000000000e-05	1.90000000000000e-05	61485.8886000000	28986.7740700000	349.999767000000
0.430785000000000	0.914885000000000	295.007727000000	295.007727000000	8	0.526696000000000	0.0170150000000000	0.0180000000000000	0.0255600000000000	0.0426750000000000	722.196275000000	42.5068190000000	8.80000000000000e-05	1.90000000000000e-05	60329.1200700000	34239.2484700000	350.000173000000
0.422524000000000	1.05524100000000	295.007727000000	295.007727000000	8	0.556999000000000	0.0170150000000000	0.0180000000000000	0.0255600000000000	0.0426750000000000	722.196275000000	42.5068190000000	8.80000000000000e-05	1.90000000000000e-05	59172.2115000000	39492.0222700000	350.000197000000
0.409062000000000	1.28395600000000	295.007727000000	295.007727000000	8	0.597403000000000	0.0170150000000000	0.0180000000000000	0.0255600000000000	0.0426750000000000	722.196275000000	42.5068190000000	8.80000000000000e-05	1.90000000000000e-05	57286.9308700000	48051.6004900000	349.999937000000
0.397129000000000	1.48669300000000	295.007727000000	295.007727000000	8	0.629149000000000	0.0170150000000000	0.0180000000000000	0.0255600000000000	0.0426750000000000	722.196275000000	42.5068190000000	8.80000000000000e-05	1.90000000000000e-05	55615.7784600000	55638.9612100000	349.999674000000
0.389175000000000	1.62184600000000	295.007727000000	295.007727000000	8	0.650794000000000	0.0170150000000000	0.0180000000000000	0.0255600000000000	0.0426750000000000	722.196275000000	42.5068190000000	8.80000000000000e-05	1.90000000000000e-05	54501.8635800000	60697.0145700000	350.000249000000
0.373877000000000	1.88175100000000	295.007727000000	295.007727000000	8	0.704185000000000	0.0170150000000000	0.0180000000000000	0.0255600000000000	0.0426750000000000	722.196275000000	42.5068190000000	8.80000000000000e-05	1.90000000000000e-05	52359.4610400000	70423.8675400000	349.999825000000
0.366534000000000	2.00651200000000	295.007727000000	295.007727000000	8	0.718615000000000	0.0170150000000000	0.0180000000000000	0.0255600000000000	0.0426750000000000	722.196275000000	42.5068190000000	8.80000000000000e-05	1.90000000000000e-05	51331.1134200000	75093.0039600000	349.999931000000
0.352766000000000	2.24043100000000	295.007727000000	295.007727000000	8	0.753247000000000	0.0170150000000000	0.0180000000000000	0.0255600000000000	0.0426750000000000	722.196275000000	42.5068190000000	8.80000000000000e-05	1.90000000000000e-05	49402.9791500000	83847.3400400000	349.999885000000
0.340222000000000	2.45355900000000	295.007727000000	295.007727000000	8	0.779221000000000	0.0170150000000000	0.0180000000000000	0.0255600000000000	0.0426750000000000	722.196275000000	42.5068190000000	8.80000000000000e-05	1.90000000000000e-05	47646.2594800000	91823.5802800000	350.000048000000
0.314828000000000	2.88501100000000	295.007727000000	295.007727000000	8	0.819625000000000	0.0170150000000000	0.0180000000000000	0.0255600000000000	0.0426750000000000	722.196275000000	42.5068190000000	8.80000000000000e-05	1.90000000000000e-05	44089.9664900000	107970.519200000	350.000248000000
0.294329000000000	3.23329200000000	295.007727000000	295.007727000000	8	0.836941000000000	0.0170150000000000	0.0180000000000000	0.0255600000000000	0.0426750000000000	722.196275000000	42.5068190000000	8.80000000000000e-05	1.90000000000000e-05	41219.1919000000	121004.812800000	350.000264000000
0.405241000000000	0.172603000000000	295.007727000000	295.007727000000	8	0.171686000000000	0.0170150000000000	0.0180000000000000	0.0255600000000000	0.0426750000000000	722.196275000000	42.5068190000000	8.80000000000000e-05	1.90000000000000e-05	56751.8203900000	6459.60640300000	300.000345000000
0.392228000000000	0.393685000000000	295.007727000000	295.007727000000	8	0.351483000000000	0.0170150000000000	0.0180000000000000	0.0255600000000000	0.0426750000000000	722.196275000000	42.5068190000000	8.80000000000000e-05	1.90000000000000e-05	54929.4198000000	14733.5222800000	299.999897000000
0.391065000000000	0.413454000000000	295.007727000000	295.007727000000	8	0.373240000000000	0.0170150000000000	0.0180000000000000	0.0255600000000000	0.0426750000000000	722.196275000000	42.5068190000000	8.80000000000000e-05	1.90000000000000e-05	54766.5479100000	15473.3701400000	300.000300000000
0.385384000000000	0.509968000000000	295.007727000000	295.007727000000	8	0.410753000000000	0.0170150000000000	0.0180000000000000	0.0255600000000000	0.0426750000000000	722.196275000000	42.5068190000000	8.80000000000000e-05	1.90000000000000e-05	53970.9544400000	19085.3725500000	300.000006000000
0.376889000000000	0.654297000000000	295.007727000000	295.007727000000	8	0.489833000000000	0.0170150000000000	0.0180000000000000	0.0255600000000000	0.0426750000000000	722.196275000000	42.5068190000000	8.80000000000000e-05	1.90000000000000e-05	52781.2754300000	24486.8344700000	299.999916000000
0.371432000000000	0.747014000000000	295.007727000000	295.007727000000	8	0.519469000000000	0.0170150000000000	0.0180000000000000	0.0255600000000000	0.0426750000000000	722.196275000000	42.5068190000000	8.80000000000000e-05	1.90000000000000e-05	52017.0519500000	27956.7355000000	299.999995000000
0.359046000000000	0.957453000000000	295.007727000000	295.007727000000	8	0.574797000000000	0.0170150000000000	0.0180000000000000	0.0255600000000000	0.0426750000000000	722.196275000000	42.5068190000000	8.80000000000000e-05	1.90000000000000e-05	50282.4593400000	35832.3408600000	299.999965000000
0.351593000000000	1.08407500000000	295.007727000000	295.007727000000	8	0.596525000000000	0.0170150000000000	0.0180000000000000	0.0255600000000000	0.0426750000000000	722.196275000000	42.5068190000000	8.80000000000000e-05	1.90000000000000e-05	49238.7068100000	40571.1245500000	299.999734000000
0.341329000000000	1.25846400000000	295.007727000000	295.007727000000	8	0.638046000000000	0.0170150000000000	0.0180000000000000	0.0255600000000000	0.0426750000000000	722.196275000000	42.5068190000000	8.80000000000000e-05	1.90000000000000e-05	47801.2888700000	47097.5713800000	299.999833000000
0.331745000000000	1.42129900000000	295.007727000000	295.007727000000	8	0.657800000000000	0.0170150000000000	0.0180000000000000	0.0255600000000000	0.0426750000000000	722.196275000000	42.5068190000000	8.80000000000000e-05	1.90000000000000e-05	46459.1012600000	53191.6138300000	299.999902000000
0.321110000000000	1.60198300000000	295.007727000000	295.007727000000	8	0.699341000000000	0.0170150000000000	0.0180000000000000	0.0255600000000000	0.0426750000000000	722.196275000000	42.5068190000000	8.80000000000000e-05	1.90000000000000e-05	44969.7267700000	59953.6488000000	299.999647000000
0.309373000000000	1.80140500000000	295.007727000000	295.007727000000	8	0.736924000000000	0.0170150000000000	0.0180000000000000	0.0255600000000000	0.0426750000000000	722.196275000000	42.5068190000000	8.80000000000000e-05	1.90000000000000e-05	43326.0231100000	67416.9468200000	300.000024000000
0.308191000000000	1.82149100000000	295.007727000000	295.007727000000	8	0.754742000000000	0.0170150000000000	0.0180000000000000	0.0255600000000000	0.0426750000000000	722.196275000000	42.5068190000000	8.80000000000000e-05	1.90000000000000e-05	43160.4903700000	68168.6582900000	300.000180000000
0.299287000000000	1.97277300000000	295.007727000000	295.007727000000	8	0.760657000000000	0.0170150000000000	0.0180000000000000	0.0255600000000000	0.0426750000000000	722.196275000000	42.5068190000000	8.80000000000000e-05	1.90000000000000e-05	41913.5331100000	73830.3337900000	300.000260000000
0.290650000000000	2.11950200000000	295.007727000000	295.007727000000	8	0.792318000000000	0.0170150000000000	0.0180000000000000	0.0255600000000000	0.0426750000000000	722.196275000000	42.5068190000000	8.80000000000000e-05	1.90000000000000e-05	40703.9677500000	79321.6148700000	299.999634000000
0.267788000000000	2.50793600000000	295.007727000000	295.007727000000	8	0.845736000000000	0.0170150000000000	0.0180000000000000	0.0255600000000000	0.0426750000000000	722.196275000000	42.5068190000000	8.80000000000000e-05	1.90000000000000e-05	37502.2677300000	93858.6203300000	299.999877000000
0.247421000000000	2.85398200000000	295.007727000000	295.007727000000	8	0.869465000000000	0.0170150000000000	0.0180000000000000	0.0255600000000000	0.0426750000000000	722.196275000000	42.5068190000000	8.80000000000000e-05	1.90000000000000e-05	34649.9790300000	106809.269800000	300.000220000000
0.266050000000000	0.184897000000000	295.007727000000	295.007727000000	8	0.195228000000000	0.0170150000000000	0.0180000000000000	0.0255600000000000	0.0426750000000000	722.196275000000	42.5068190000000	8.80000000000000e-05	1.90000000000000e-05	37258.8701900000	6919.70501700000	199.999702000000
0.259167000000000	0.301843000000000	295.007727000000	295.007727000000	8	0.293984000000000	0.0170150000000000	0.0180000000000000	0.0255600000000000	0.0426750000000000	722.196275000000	42.5068190000000	8.80000000000000e-05	1.90000000000000e-05	36294.9431000000	11296.3678200000	199.999828000000
0.255157000000000	0.369978000000000	295.007727000000	295.007727000000	8	0.390907000000000	0.0170150000000000	0.0180000000000000	0.0255600000000000	0.0426750000000000	722.196275000000	42.5068190000000	8.80000000000000e-05	1.90000000000000e-05	35733.3641800000	13846.2961700000	200.000023000000
0.247621000000000	0.498010000000000	295.007727000000	295.007727000000	8	0.464024000000000	0.0170150000000000	0.0180000000000000	0.0255600000000000	0.0426750000000000	722.196275000000	42.5068190000000	8.80000000000000e-05	1.90000000000000e-05	34677.9879600000	18637.8486200000	199.999784000000
0.240260000000000	0.623077000000000	295.007727000000	295.007727000000	8	0.499561000000000	0.0170150000000000	0.0180000000000000	0.0255600000000000	0.0426750000000000	722.196275000000	42.5068190000000	8.80000000000000e-05	1.90000000000000e-05	33647.1195300000	23318.4369800000	199.999898000000
0.237152000000000	0.675882000000000	295.007727000000	295.007727000000	8	0.558930000000000	0.0170150000000000	0.0180000000000000	0.0255600000000000	0.0426750000000000	722.196275000000	42.5068190000000	8.80000000000000e-05	1.90000000000000e-05	33211.8608700000	25294.6454900000	199.999885000000
0.231359000000000	0.774304000000000	295.007727000000	295.007727000000	8	0.610357000000000	0.0170150000000000	0.0180000000000000	0.0255600000000000	0.0426750000000000	722.196275000000	42.5068190000000	8.80000000000000e-05	1.90000000000000e-05	32400.5824000000	28978.0541300000	199.999808000000
0.224258000000000	0.894958000000000	295.007727000000	295.007727000000	8	0.655842000000000	0.0170150000000000	0.0180000000000000	0.0255600000000000	0.0426750000000000	722.196275000000	42.5068190000000	8.80000000000000e-05	1.90000000000000e-05	31406.1255800000	33493.4875300000	200.000110000000
0.219511000000000	0.975608000000000	295.007727000000	295.007727000000	8	0.685512000000000	0.0170150000000000	0.0180000000000000	0.0255600000000000	0.0426750000000000	722.196275000000	42.5068190000000	8.80000000000000e-05	1.90000000000000e-05	30741.3337900000	36511.7853300000	200.000019000000
0.213420000000000	1.07908800000000	295.007727000000	295.007727000000	8	0.699337000000000	0.0170150000000000	0.0180000000000000	0.0255600000000000	0.0426750000000000	722.196275000000	42.5068190000000	8.80000000000000e-05	1.90000000000000e-05	29888.3220300000	40384.4878400000	199.999727000000
0.206249000000000	1.20093700000000	295.007727000000	295.007727000000	8	0.732964000000000	0.0170150000000000	0.0180000000000000	0.0255600000000000	0.0426750000000000	722.196275000000	42.5068190000000	8.80000000000000e-05	1.90000000000000e-05	28884.0620900000	44944.6436900000	200.000271000000
0.199524000000000	1.31518200000000	295.007727000000	295.007727000000	8	0.748776000000000	0.0170150000000000	0.0180000000000000	0.0255600000000000	0.0426750000000000	722.196275000000	42.5068190000000	8.80000000000000e-05	1.90000000000000e-05	27942.2620400000	49220.2225300000	199.999692000000
0.192738000000000	1.43048100000000	295.007727000000	295.007727000000	8	0.772512000000000	0.0170150000000000	0.0180000000000000	0.0255600000000000	0.0426750000000000	722.196275000000	42.5068190000000	8.80000000000000e-05	1.90000000000000e-05	26991.9192700000	53535.2469400000	199.999862000000
0.179860000000000	1.64928400000000	295.007727000000	295.007727000000	8	0.818016000000000	0.0170150000000000	0.0180000000000000	0.0255600000000000	0.0426750000000000	722.196275000000	42.5068190000000	8.80000000000000e-05	1.90000000000000e-05	25188.4247000000	61723.8720500000	200.000038000000
0.164947000000000	1.90265500000000	295.007727000000	295.007727000000	8	0.863524000000000	0.0170150000000000	0.0180000000000000	0.0255600000000000	0.0426750000000000	722.196275000000	42.5068190000000	8.80000000000000e-05	1.90000000000000e-05	23099.9393400000	71206.1923700000	199.999920000000
0.261000000000000	0.0510000000000000	104.780000000000	104.780000000000	0.120000000000000	0.110000000000000	0.0186000000000000	0.00820000000000000	0.0166000000000000	0.0498000000000000	954.860000000000	0.700000000000000	0.000268000000000000	1.24000000000000e-05	17346.6310600000	375050.582800000	250
0.276000000000000	0.0410000000000000	104.780000000000	104.780000000000	0.120000000000000	0.0890000000000000	0.0186000000000000	0.00820000000000000	0.0166000000000000	0.0498000000000000	954.860000000000	0.700000000000000	0.000268000000000000	1.24000000000000e-05	18387.4289200000	397553.617800000	265
0.277000000000000	0.0100000000000000	104.780000000000	104.780000000000	0.120000000000000	0.0320000000000000	0.0186000000000000	0.00820000000000000	0.0166000000000000	0.0498000000000000	954.860000000000	0.700000000000000	0.000268000000000000	1.24000000000000e-05	18456.8154500000	399053.820100000	266
0.286000000000000	0.0170000000000000	104.780000000000	104.780000000000	0.120000000000000	0.0460000000000000	0.0186000000000000	0.00820000000000000	0.0166000000000000	0.0498000000000000	954.860000000000	0.700000000000000	0.000268000000000000	1.24000000000000e-05	19011.9076400000	411055.438800000	274
0.286000000000000	0.0240000000000000	104.780000000000	104.780000000000	0.120000000000000	0.0660000000000000	0.0186000000000000	0.00820000000000000	0.0166000000000000	0.0498000000000000	954.860000000000	0.700000000000000	0.000268000000000000	1.24000000000000e-05	19011.9076400000	411055.438800000	274
0.287000000000000	0.0700000000000000	104.780000000000	104.780000000000	0.120000000000000	0.159000000000000	0.0186000000000000	0.00820000000000000	0.0166000000000000	0.0498000000000000	954.860000000000	0.700000000000000	0.000268000000000000	1.24000000000000e-05	19081.2941700000	412555.641100000	275
0.288000000000000	0.0340000000000000	104.780000000000	104.780000000000	0.120000000000000	0.0890000000000000	0.0186000000000000	0.00820000000000000	0.0166000000000000	0.0498000000000000	954.860000000000	0.700000000000000	0.000268000000000000	1.24000000000000e-05	19150.6806900000	414055.843500000	276
0.295000000000000	0.0230000000000000	104.780000000000	104.780000000000	0.120000000000000	0.0600000000000000	0.0186000000000000	0.00820000000000000	0.0166000000000000	0.0498000000000000	954.860000000000	0.700000000000000	0.000268000000000000	1.24000000000000e-05	19566.9998400000	423057.057400000	282
0.296000000000000	0.0140000000000000	104.780000000000	104.780000000000	0.120000000000000	0.0400000000000000	0.0186000000000000	0.00820000000000000	0.0166000000000000	0.0498000000000000	954.860000000000	0.700000000000000	0.000268000000000000	1.24000000000000e-05	19705.7728800000	426057.462100000	284
0.297000000000000	0.00600000000000000	104.780000000000	104.780000000000	0.120000000000000	0.0180000000000000	0.0186000000000000	0.00820000000000000	0.0166000000000000	0.0498000000000000	954.860000000000	0.700000000000000	0.000268000000000000	1.24000000000000e-05	19705.7728800000	426057.462100000	284
0.301000000000000	0.0110000000000000	104.780000000000	104.780000000000	0.120000000000000	0.0270000000000000	0.0186000000000000	0.00820000000000000	0.0166000000000000	0.0498000000000000	954.860000000000	0.700000000000000	0.000268000000000000	1.24000000000000e-05	19983.3189800000	432058.271400000	288
0.317000000000000	0.0280000000000000	104.780000000000	104.780000000000	0.120000000000000	0.0760000000000000	0.0186000000000000	0.00820000000000000	0.0166000000000000	0.0498000000000000	954.860000000000	0.700000000000000	0.000268000000000000	1.24000000000000e-05	21093.5033700000	456061.508700000	304
0.320000000000000	0.0180000000000000	104.780000000000	104.780000000000	0.120000000000000	0.0510000000000000	0.0186000000000000	0.00820000000000000	0.0166000000000000	0.0498000000000000	954.860000000000	0.700000000000000	0.000268000000000000	1.24000000000000e-05	21301.6629400000	460562.115700000	307
0.326000000000000	0.0200000000000000	104.780000000000	104.780000000000	0.120000000000000	0.0490000000000000	0.0186000000000000	0.00820000000000000	0.0166000000000000	0.0498000000000000	954.860000000000	0.700000000000000	0.000268000000000000	1.24000000000000e-05	21648.5955600000	468063.127400000	312
0.331000000000000	0.0220000000000000	104.780000000000	104.780000000000	0.120000000000000	0.0550000000000000	0.0186000000000000	0.00820000000000000	0.0166000000000000	0.0498000000000000	954.860000000000	0.700000000000000	0.000268000000000000	1.24000000000000e-05	21995.5281800000	475564.139000000	317
0.331000000000000	0.0360000000000000	104.780000000000	104.780000000000	0.120000000000000	0.0880000000000000	0.0186000000000000	0.00820000000000000	0.0166000000000000	0.0498000000000000	954.860000000000	0.700000000000000	0.000268000000000000	1.24000000000000e-05	21995.5281800000	475564.139000000	317
0.336000000000000	0.0560000000000000	104.780000000000	104.780000000000	0.120000000000000	0.112000000000000	0.0186000000000000	0.00820000000000000	0.0166000000000000	0.0498000000000000	954.860000000000	0.700000000000000	0.000268000000000000	1.24000000000000e-05	22342.4608000000	483065.150700000	322
0.337000000000000	0.0160000000000000	104.780000000000	104.780000000000	0.120000000000000	0.0390000000000000	0.0186000000000000	0.00820000000000000	0.0166000000000000	0.0498000000000000	954.860000000000	0.700000000000000	0.000268000000000000	1.24000000000000e-05	22411.8473300000	484565.353000000	323
0.338000000000000	0.0140000000000000	104.780000000000	104.780000000000	0.120000000000000	0.0370000000000000	0.0186000000000000	0.00820000000000000	0.0166000000000000	0.0498000000000000	954.860000000000	0.700000000000000	0.000268000000000000	1.24000000000000e-05	22481.2338500000	486065.555400000	324
0.340000000000000	0.0110000000000000	104.780000000000	104.780000000000	0.120000000000000	0.0270000000000000	0.0186000000000000	0.00820000000000000	0.0166000000000000	0.0498000000000000	954.860000000000	0.700000000000000	0.000268000000000000	1.24000000000000e-05	22550.6203800000	487565.757700000	325
0.342000000000000	0.0520000000000000	104.780000000000	104.780000000000	0.120000000000000	0.100000000000000	0.0186000000000000	0.00820000000000000	0.0166000000000000	0.0498000000000000	954.860000000000	0.700000000000000	0.000268000000000000	1.24000000000000e-05	22689.3934300000	490566.162400000	327
0.342000000000000	0.0100000000000000	104.780000000000	104.780000000000	0.120000000000000	0.0250000000000000	0.0186000000000000	0.00820000000000000	0.0166000000000000	0.0498000000000000	954.860000000000	0.700000000000000	0.000268000000000000	1.24000000000000e-05	22758.7799500000	492066.364700000	328
0.346000000000000	0.0270000000000000	104.780000000000	104.780000000000	0.120000000000000	0.0670000000000000	0.0186000000000000	0.00820000000000000	0.0166000000000000	0.0498000000000000	954.860000000000	0.700000000000000	0.000268000000000000	1.24000000000000e-05	23036.3260500000	498067.174000000	332
0.347000000000000	0.0270000000000000	104.780000000000	104.780000000000	0.120000000000000	0.0670000000000000	0.0186000000000000	0.00820000000000000	0.0166000000000000	0.0498000000000000	954.860000000000	0.700000000000000	0.000268000000000000	1.24000000000000e-05	23036.3260500000	498067.174000000	332
0.349000000000000	0.0640000000000000	104.780000000000	104.780000000000	0.120000000000000	0.134000000000000	0.0186000000000000	0.00820000000000000	0.0166000000000000	0.0498000000000000	954.860000000000	0.700000000000000	0.000268000000000000	1.24000000000000e-05	23175.0991000000	501067.578700000	334
0.349000000000000	0.0340000000000000	104.780000000000	104.780000000000	0.120000000000000	0.0760000000000000	0.0186000000000000	0.00820000000000000	0.0166000000000000	0.0498000000000000	954.860000000000	0.700000000000000	0.000268000000000000	1.24000000000000e-05	23244.4856200000	502567.781000000	335
0.352000000000000	0.0240000000000000	104.780000000000	104.780000000000	0.120000000000000	0.0630000000000000	0.0186000000000000	0.00820000000000000	0.0166000000000000	0.0498000000000000	954.860000000000	0.700000000000000	0.000268000000000000	1.24000000000000e-05	23383.2586700000	505568.185700000	337
0.354000000000000	0.0390000000000000	104.780000000000	104.780000000000	0.120000000000000	0.0820000000000000	0.0186000000000000	0.00820000000000000	0.0166000000000000	0.0498000000000000	954.860000000000	0.700000000000000	0.000268000000000000	1.24000000000000e-05	23522.0317200000	508568.590300000	339
0.367000000000000	0.0240000000000000	104.780000000000	104.780000000000	0.120000000000000	0.0480000000000000	0.0186000000000000	0.00820000000000000	0.0166000000000000	0.0498000000000000	954.860000000000	0.700000000000000	0.000268000000000000	1.24000000000000e-05	24424.0565300000	528071.220600000	352
0.369000000000000	0.0710000000000000	104.780000000000	104.780000000000	0.120000000000000	0.134000000000000	0.0186000000000000	0.00820000000000000	0.0166000000000000	0.0498000000000000	954.860000000000	0.700000000000000	0.000268000000000000	1.24000000000000e-05	24562.8295800000	531071.625300000	354
0.369000000000000	0.0350000000000000	104.780000000000	104.780000000000	0.120000000000000	0.0750000000000000	0.0186000000000000	0.00820000000000000	0.0166000000000000	0.0498000000000000	954.860000000000	0.700000000000000	0.000268000000000000	1.24000000000000e-05	24562.8295800000	531071.625300000	354
0.370000000000000	0.0410000000000000	104.780000000000	104.780000000000	0.120000000000000	0.0930000000000000	0.0186000000000000	0.00820000000000000	0.0166000000000000	0.0498000000000000	954.860000000000	0.700000000000000	0.000268000000000000	1.24000000000000e-05	24562.8295800000	531071.625300000	354
0.369000000000000	0.00800000000000000	104.780000000000	104.780000000000	0.120000000000000	0.0200000000000000	0.0186000000000000	0.00820000000000000	0.0166000000000000	0.0498000000000000	954.860000000000	0.700000000000000	0.000268000000000000	1.24000000000000e-05	24632.2161000000	532571.827600000	355
0.373000000000000	0.0110000000000000	104.780000000000	104.780000000000	0.120000000000000	0.0270000000000000	0.0186000000000000	0.00820000000000000	0.0166000000000000	0.0498000000000000	954.860000000000	0.700000000000000	0.000268000000000000	1.24000000000000e-05	24770.9891500000	535572.232300000	357
0.373000000000000	0.0400000000000000	104.780000000000	104.780000000000	0.120000000000000	0.0840000000000000	0.0186000000000000	0.00820000000000000	0.0166000000000000	0.0498000000000000	954.860000000000	0.700000000000000	0.000268000000000000	1.24000000000000e-05	24840.3756800000	537072.434600000	358
0.376000000000000	0.00900000000000000	104.780000000000	104.780000000000	0.120000000000000	0.0220000000000000	0.0186000000000000	0.00820000000000000	0.0166000000000000	0.0498000000000000	954.860000000000	0.700000000000000	0.000268000000000000	1.24000000000000e-05	25048.5352500000	541573.041600000	361
0.376000000000000	0.0190000000000000	104.780000000000	104.780000000000	0.120000000000000	0.0490000000000000	0.0186000000000000	0.00820000000000000	0.0166000000000000	0.0498000000000000	954.860000000000	0.700000000000000	0.000268000000000000	1.24000000000000e-05	25048.5352500000	541573.041600000	361
0.377000000000000	0.0830000000000000	104.780000000000	104.780000000000	0.120000000000000	0.150000000000000	0.0186000000000000	0.00820000000000000	0.0166000000000000	0.0498000000000000	954.860000000000	0.700000000000000	0.000268000000000000	1.24000000000000e-05	25048.5352500000	541573.041600000	361
0.377000000000000	0.0140000000000000	104.780000000000	104.780000000000	0.120000000000000	0.0320000000000000	0.0186000000000000	0.00820000000000000	0.0166000000000000	0.0498000000000000	954.860000000000	0.700000000000000	0.000268000000000000	1.24000000000000e-05	25048.5352500000	541573.041600000	361
0.380000000000000	0.00600000000000000	104.780000000000	104.780000000000	0.120000000000000	0.0150000000000000	0.0186000000000000	0.00820000000000000	0.0166000000000000	0.0498000000000000	954.860000000000	0.700000000000000	0.000268000000000000	1.24000000000000e-05	25256.6948200000	546073.648600000	364
0.380000000000000	0.0530000000000000	104.780000000000	104.780000000000	0.120000000000000	0.106000000000000	0.0186000000000000	0.00820000000000000	0.0166000000000000	0.0498000000000000	954.860000000000	0.700000000000000	0.000268000000000000	1.24000000000000e-05	25326.0813500000	547573.851000000	365
0.389000000000000	0.0340000000000000	104.780000000000	104.780000000000	0.120000000000000	0.0710000000000000	0.0186000000000000	0.00820000000000000	0.0166000000000000	0.0498000000000000	954.860000000000	0.700000000000000	0.000268000000000000	1.24000000000000e-05	25811.7870200000	558075.267300000	372
0	9.84000000000000	25	25	0.101185000000000	0.910000000000000	0.0147650000000000	0.0127000000000000	0.0167000000000000	0.140000000000000	997.047574000000	1.18268200000000	0.000890000000000000	1.80000000000000e-05	0	9314.20157500000	11.6375870000000
0	9.52000000000000	25	25	0.101309000000000	0.900000000000000	0.0147650000000000	0.0127000000000000	0.0167000000000000	0.140000000000000	997.047630000000	1.18413100000000	0.000890000000000000	1.80000000000000e-05	0	9022.33879600000	11.2729310000000
0	9.48000000000000	25	25	0.101435000000000	0.890000000000000	0.0147650000000000	0.0127000000000000	0.0167000000000000	0.140000000000000	997.047686000000	1.18560500000000	0.000890000000000000	1.80000000000000e-05	0	8995.59878900000	11.2395320000000
0	8.43000000000000	25	25	0.101683000000000	0.870000000000000	0.0147650000000000	0.0127000000000000	0.0167000000000000	0.140000000000000	997.047798000000	1.18850400000000	0.000890000000000000	1.80000000000000e-05	0	8018.79930700000	10.0190910000000
0	8.43000000000000	25	25	0.101809000000000	0.860000000000000	0.0147650000000000	0.0127000000000000	0.0167000000000000	0.140000000000000	997.047855000000	1.18997700000000	0.000890000000000000	1.80000000000000e-05	0	8028.73118200000	10.0315100000000
0	7.12000000000000	25	25	0.101930000000000	0.850000000000000	0.0147650000000000	0.0127000000000000	0.0167000000000000	0.140000000000000	997.047910000000	1.19139200000000	0.000890000000000000	1.80000000000000e-05	0	6789.14291000000	8.48271300000000
0	6.34000000000000	25	25	0.102306000000000	0.820000000000000	0.0147650000000000	0.0127000000000000	0.0167000000000000	0.140000000000000	997.048079000000	1.19578800000000	0.000890000000000000	1.80000000000000e-05	0	6067.67842200000	7.58129900000000
0	5.82000000000000	25	25	0.102556000000000	0.800000000000000	0.0147650000000000	0.0127000000000000	0.0167000000000000	0.140000000000000	997.048192000000	1.19871200000000	0.000890000000000000	1.80000000000000e-05	0	5583.61878300000	6.97650100000000
0	4.24000000000000	25	25	0.103306000000000	0.740000000000000	0.0147650000000000	0.0127000000000000	0.0167000000000000	0.140000000000000	997.048530000000	1.20748100000000	0.000890000000000000	1.80000000000000e-05	0	4097.52515100000	5.11971800000000
0	2.71000000000000	25	25	0.104561000000000	0.640000000000000	0.0147650000000000	0.0127000000000000	0.0167000000000000	0.140000000000000	997.049097000000	1.22215500000000	0.000890000000000000	1.80000000000000e-05	0	2650.73781700000	3.31203900000000
0	1.37000000000000	25	25	0.105942000000000	0.530000000000000	0.0147650000000000	0.0127000000000000	0.0167000000000000	0.140000000000000	997.049720000000	1.23830200000000	0.000890000000000000	1.80000000000000e-05	0	1357.73111300000	1.69647400000000
0	2.64000000000000	25	25	0.104308000000000	0.660000000000000	0.0147650000000000	0.0127000000000000	0.0167000000000000	0.140000000000000	997.048982000000	1.21919600000000	0.000890000000000000	1.80000000000000e-05	0	2576.02336800000	3.21867900000000
0	2.59000000000000	25	25	0.104434000000000	0.650000000000000	0.0147650000000000	0.0127000000000000	0.0167000000000000	0.140000000000000	997.049039000000	1.22067000000000	0.000890000000000000	1.80000000000000e-05	0	2530.28640300000	3.16153400000000
0	2.51000000000000	25	25	0.104560000000000	0.640000000000000	0.0147650000000000	0.0127000000000000	0.0167000000000000	0.140000000000000	997.049096000000	1.22214300000000	0.000890000000000000	1.80000000000000e-05	0	2455.08794100000	3.06757900000000
0	2.41000000000000	25	25	0.104686000000000	0.630000000000000	0.0147650000000000	0.0127000000000000	0.0167000000000000	0.140000000000000	997.049153000000	1.22361600000000	0.000890000000000000	1.80000000000000e-05	0	2360.11495800000	2.94891500000000
0	2.26000000000000	25	25	0.104811000000000	0.620000000000000	0.0147650000000000	0.0127000000000000	0.0167000000000000	0.140000000000000	997.049209000000	1.22507800000000	0.000890000000000000	1.80000000000000e-05	0	2215.86126900000	2.76867600000000
0	2.12000000000000	25	25	0.105063000000000	0.600000000000000	0.0147650000000000	0.0127000000000000	0.0167000000000000	0.140000000000000	997.049323000000	1.22802400000000	0.000890000000000000	1.80000000000000e-05	0	2083.59077100000	2.60341100000000
0	1.92000000000000	25	25	0.105317000000000	0.580000000000000	0.0147650000000000	0.0127000000000000	0.0167000000000000	0.140000000000000	997.049438000000	1.23099400000000	0.000890000000000000	1.80000000000000e-05	0	1891.58549300000	2.36350900000000
0	1.74000000000000	25	25	0.105693000000000	0.550000000000000	0.0147650000000000	0.0127000000000000	0.0167000000000000	0.140000000000000	997.049607000000	1.23539000000000	0.000890000000000000	1.80000000000000e-05	0	1720.36658800000	2.14957900000000
0	1.45000000000000	25	25	0.106069000000000	0.520000000000000	0.0147650000000000	0.0127000000000000	0.0167000000000000	0.140000000000000	997.049777000000	1.23978700000000	0.000890000000000000	1.80000000000000e-05	0	1438.73650200000	1.79769100000000
0	0.950000000000000	25	25	0.107452000000000	0.410000000000000	0.0147650000000000	0.0127000000000000	0.0167000000000000	0.140000000000000	997.050401000000	1.25595800000000	0.000890000000000000	1.80000000000000e-05	0	954.905005000000	1.19316000000000
0	0.760000000000000	25	25	0.107325000000000	0.420000000000000	0.0147650000000000	0.0127000000000000	0.0167000000000000	0.140000000000000	997.050343000000	1.25447300000000	0.000890000000000000	1.80000000000000e-05	0	763.021544000000	0.953399000000000
0	0.720000000000000	25	25	0.107577000000000	0.400000000000000	0.0147650000000000	0.0127000000000000	0.0167000000000000	0.140000000000000	997.050457000000	1.25741900000000	0.000890000000000000	1.80000000000000e-05	0	724.558974000000	0.905342000000000
0	0.680000000000000	25	25	0.107828000000000	0.380000000000000	0.0147650000000000	0.0127000000000000	0.0167000000000000	0.140000000000000	997.050570000000	1.26035400000000	0.000890000000000000	1.80000000000000e-05	0	685.901547000000	0.857041000000000
0	0.630000000000000	25	25	0.107828000000000	0.380000000000000	0.0147650000000000	0.0127000000000000	0.0167000000000000	0.140000000000000	997.050570000000	1.26035400000000	0.000890000000000000	1.80000000000000e-05	0	635.467610000000	0.794023000000000
0	0.580000000000000	25	25	0.108080000000000	0.360000000000000	0.0147650000000000	0.0127000000000000	0.0167000000000000	0.140000000000000	997.050684000000	1.26330100000000	0.000890000000000000	1.80000000000000e-05	0	586.400258000000	0.732714000000000
0	0.530000000000000	25	25	0.108206000000000	0.350000000000000	0.0147650000000000	0.0127000000000000	0.0167000000000000	0.140000000000000	997.050741000000	1.26477400000000	0.000890000000000000	1.80000000000000e-05	0	536.472899000000	0.670330000000000
0	0.490000000000000	25	25	0.108332000000000	0.340000000000000	0.0147650000000000	0.0127000000000000	0.0167000000000000	0.140000000000000	997.050798000000	1.26624700000000	0.000890000000000000	1.80000000000000e-05	0	496.561641000000	0.620461000000000
0	0.450000000000000	25	25	0.108458000000000	0.330000000000000	0.0147650000000000	0.0127000000000000	0.0167000000000000	0.140000000000000	997.050855000000	1.26772000000000	0.000890000000000000	1.80000000000000e-05	0	456.556135000000	0.570474000000000
0	0.410000000000000	25	25	0.108835000000000	0.300000000000000	0.0147650000000000	0.0127000000000000	0.0167000000000000	0.140000000000000	997.051025000000	1.27212800000000	0.000890000000000000	1.80000000000000e-05	0	417.418577000000	0.521573000000000
0	0.370000000000000	25	25	0.108961000000000	0.290000000000000	0.0147650000000000	0.0127000000000000	0.0167000000000000	0.140000000000000	997.051082000000	1.27360200000000	0.000890000000000000	1.80000000000000e-05	0	377.130703000000	0.471233000000000
0	0.320000000000000	25	25	0.109213000000000	0.270000000000000	0.0147650000000000	0.0127000000000000	0.0167000000000000	0.140000000000000	997.051195000000	1.27654800000000	0.000890000000000000	1.80000000000000e-05	0	326.921065000000	0.408495000000000
0	0.280000000000000	25	25	0.109339000000000	0.260000000000000	0.0147650000000000	0.0127000000000000	0.0167000000000000	0.140000000000000	997.051252000000	1.27802200000000	0.000890000000000000	1.80000000000000e-05	0	286.385793000000	0.357846000000000
0	0.240000000000000	25	25	0.109591000000000	0.240000000000000	0.0147650000000000	0.0127000000000000	0.0167000000000000	0.140000000000000	997.051366000000	1.28096800000000	0.000890000000000000	1.80000000000000e-05	0	246.039013000000	0.307432000000000
0	0.200000000000000	25	25	0.109969000000000	0.210000000000000	0.0147650000000000	0.0127000000000000	0.0167000000000000	0.140000000000000	997.051536000000	1.28538800000000	0.000890000000000000	1.80000000000000e-05	0	205.739353000000	0.257078000000000
0	0.160000000000000	25	25	0.110095000000000	0.200000000000000	0.0147650000000000	0.0127000000000000	0.0167000000000000	0.140000000000000	997.051593000000	1.28686100000000	0.000890000000000000	1.80000000000000e-05	0	164.779974000000	0.205898000000000
0	0.140000000000000	25	25	0.110221000000000	0.190000000000000	0.0147650000000000	0.0127000000000000	0.0167000000000000	0.140000000000000	997.051650000000	1.28833500000000	0.000890000000000000	1.80000000000000e-05	0	144.347406000000	0.180367000000000
0	0.130000000000000	25	25	0.110347000000000	0.180000000000000	0.0147650000000000	0.0127000000000000	0.0167000000000000	0.140000000000000	997.051707000000	1.28980800000000	0.000890000000000000	1.80000000000000e-05	0	134.190026000000	0.167675000000000
0	0.110000000000000	25	25	0.110473000000000	0.170000000000000	0.0147650000000000	0.0127000000000000	0.0167000000000000	0.140000000000000	997.051764000000	1.29128100000000	0.000890000000000000	1.80000000000000e-05	0	113.674993000000	0.142041000000000
0	0.100000000000000	25	25	0.110599000000000	0.160000000000000	0.0147650000000000	0.0127000000000000	0.0167000000000000	0.140000000000000	997.051820000000	1.29275400000000	0.000890000000000000	1.80000000000000e-05	0	103.458709000000	0.129275000000000
0	0.0800000000000000	25	25	0.110725000000000	0.150000000000000	0.0147650000000000	0.0127000000000000	0.0167000000000000	0.140000000000000	997.051877000000	1.29422800000000	0.000890000000000000	1.80000000000000e-05	0	82.8612120000000	0.103538000000000
0	0.0600000000000000	25	25	0.110977000000000	0.130000000000000	0.0147650000000000	0.0127000000000000	0.0167000000000000	0.140000000000000	997.051991000000	1.29717400000000	0.000890000000000000	1.80000000000000e-05	0	62.2872760000000	0.0778300000000000
0	0.0300000000000000	25	25	0.111607000000000	0.0800000000000000	0.0147650000000000	0.0127000000000000	0.0167000000000000	0.140000000000000	997.052275000000	1.30454100000000	0.000890000000000000	1.80000000000000e-05	0	31.3203460000000	0.0391360000000000
0	9.89000000000000	25	25	0.100792000000000	0.920000000000000	0.0147650000000000	0.0127000000000000	0.0167000000000000	0.140000000000000	997.047396000000	1.17808700000000	0.000890000000000000	1.80000000000000e-05	0	9325.18648300000	11.6512760000000
0	9.58000000000000	25	25	0.100885000000000	0.910000000000000	0.0147650000000000	0.0127000000000000	0.0167000000000000	0.140000000000000	997.047438000000	1.17917400000000	0.000890000000000000	1.80000000000000e-05	0	9041.22121700000	11.2964860000000
0	9.54000000000000	25	25	0.100980000000000	0.900000000000000	0.0147650000000000	0.0127000000000000	0.0167000000000000	0.140000000000000	997.047481000000	1.18028500000000	0.000890000000000000	1.80000000000000e-05	0	9011.94520300000	11.2599160000000
0	8.51000000000000	25	25	0.101165000000000	0.880000000000000	0.0147650000000000	0.0127000000000000	0.0167000000000000	0.140000000000000	997.047565000000	1.18244800000000	0.000890000000000000	1.80000000000000e-05	0	8053.67840100000	10.0626300000000
0	8.48000000000000	25	25	0.101259000000000	0.870000000000000	0.0147650000000000	0.0127000000000000	0.0167000000000000	0.140000000000000	997.047607000000	1.18354700000000	0.000890000000000000	1.80000000000000e-05	0	8032.74053300000	10.0364770000000
0	7.18000000000000	25	25	0.101444000000000	0.850000000000000	0.0147650000000000	0.0127000000000000	0.0167000000000000	0.140000000000000	997.047690000000	1.18571000000000	0.000890000000000000	1.80000000000000e-05	0	6813.72651800000	8.51339700000000
0	6.41000000000000	25	25	0.101725000000000	0.820000000000000	0.0147650000000000	0.0127000000000000	0.0167000000000000	0.140000000000000	997.047817000000	1.18899500000000	0.000890000000000000	1.80000000000000e-05	0	6099.84871600000	7.62146000000000
0	5.88000000000000	25	25	0.101912000000000	0.800000000000000	0.0147650000000000	0.0127000000000000	0.0167000000000000	0.140000000000000	997.047902000000	1.19118200000000	0.000890000000000000	1.80000000000000e-05	0	5605.77443800000	7.00414900000000
0	4.33000000000000	25	25	0.102568000000000	0.730000000000000	0.0147650000000000	0.0127000000000000	0.0167000000000000	0.140000000000000	997.048198000000	1.19885200000000	0.000890000000000000	1.80000000000000e-05	0	4154.62147000000	5.19102900000000
0	2.75000000000000	25	25	0.103224000000000	0.660000000000000	0.0147650000000000	0.0127000000000000	0.0167000000000000	0.140000000000000	997.048493000000	1.20652200000000	0.000890000000000000	1.80000000000000e-05	0	2655.48446400000	3.31793500000000
0	1.40000000000000	25	25	0.104635000000000	0.510000000000000	0.0147650000000000	0.0127000000000000	0.0167000000000000	0.140000000000000	997.049130000000	1.22302000000000	0.000890000000000000	1.80000000000000e-05	0	1370.35353300000	1.71222800000000
0	2.67000000000000	25	25	0.103224000000000	0.660000000000000	0.0147650000000000	0.0127000000000000	0.0167000000000000	0.140000000000000	997.048493000000	1.20652200000000	0.000890000000000000	1.80000000000000e-05	0	2578.23400600000	3.22141400000000
0	2.63000000000000	25	25	0.103318000000000	0.650000000000000	0.0147650000000000	0.0127000000000000	0.0167000000000000	0.140000000000000	997.048536000000	1.20762100000000	0.000890000000000000	1.80000000000000e-05	0	2541.92036700000	3.17604300000000
0	2.54000000000000	25	25	0.103318000000000	0.650000000000000	0.0147650000000000	0.0127000000000000	0.0167000000000000	0.140000000000000	997.048536000000	1.20762100000000	0.000890000000000000	1.80000000000000e-05	0	2454.93449900000	3.06735700000000
0	2.44000000000000	25	25	0.103506000000000	0.630000000000000	0.0147650000000000	0.0127000000000000	0.0167000000000000	0.140000000000000	997.048621000000	1.20981900000000	0.000890000000000000	1.80000000000000e-05	0	2362.57271300000	2.95195900000000
0	2.29000000000000	25	25	0.103506000000000	0.630000000000000	0.0147650000000000	0.0127000000000000	0.0167000000000000	0.140000000000000	997.048621000000	1.20981900000000	0.000890000000000000	1.80000000000000e-05	0	2217.33258700000	2.77048600000000
0	2.15000000000000	25	25	0.103882000000000	0.590000000000000	0.0147650000000000	0.0127000000000000	0.0167000000000000	0.140000000000000	997.048790000000	1.21421500000000	0.000890000000000000	1.80000000000000e-05	0	2089.33391500000	2.61056300000000
0	1.95000000000000	25	25	0.103978000000000	0.580000000000000	0.0147650000000000	0.0127000000000000	0.0167000000000000	0.140000000000000	997.048834000000	1.21533800000000	0.000890000000000000	1.80000000000000e-05	0	1896.72764300000	2.36990900000000
0	1.77000000000000	25	25	0.104071000000000	0.570000000000000	0.0147650000000000	0.0127000000000000	0.0167000000000000	0.140000000000000	997.048876000000	1.21642500000000	0.000890000000000000	1.80000000000000e-05	0	1723.18423900000	2.15307300000000
0	1.48000000000000	25	25	0.104635000000000	0.510000000000000	0.0147650000000000	0.0127000000000000	0.0167000000000000	0.140000000000000	997.049130000000	1.22302000000000	0.000890000000000000	1.80000000000000e-05	0	1448.65944900000	1.81006900000000
0	0.970000000000000	25	25	0.105764000000000	0.390000000000000	0.0147650000000000	0.0127000000000000	0.0167000000000000	0.140000000000000	997.049639000000	1.23622100000000	0.000890000000000000	1.80000000000000e-05	0	959.698880000000	1.19913400000000
0	0.780000000000000	25	25	0.105764000000000	0.390000000000000	0.0147650000000000	0.0127000000000000	0.0167000000000000	0.140000000000000	997.049639000000	1.23622100000000	0.000890000000000000	1.80000000000000e-05	0	771.716625000000	0.964252000000000
0	0.730000000000000	25	25	0.105952000000000	0.370000000000000	0.0147650000000000	0.0127000000000000	0.0167000000000000	0.140000000000000	997.049724000000	1.23841900000000	0.000890000000000000	1.80000000000000e-05	0	723.530820000000	0.904046000000000
0	0.690000000000000	25	25	0.105952000000000	0.370000000000000	0.0147650000000000	0.0127000000000000	0.0167000000000000	0.140000000000000	997.049724000000	1.23841900000000	0.000890000000000000	1.80000000000000e-05	0	683.885295000000	0.854509000000000
0	0.640000000000000	25	25	0.106140000000000	0.350000000000000	0.0147650000000000	0.0127000000000000	0.0167000000000000	0.140000000000000	997.049809000000	1.24061700000000	0.000890000000000000	1.80000000000000e-05	0	635.453393000000	0.793995000000000
0	0.590000000000000	25	25	0.106329000000000	0.330000000000000	0.0147650000000000	0.0127000000000000	0.0167000000000000	0.140000000000000	997.049894000000	1.24282700000000	0.000890000000000000	1.80000000000000e-05	0	586.851224000000	0.733268000000000
0	0.540000000000000	25	25	0.106423000000000	0.320000000000000	0.0147650000000000	0.0127000000000000	0.0167000000000000	0.140000000000000	997.049937000000	1.24392600000000	0.000890000000000000	1.80000000000000e-05	0	537.592678000000	0.671720000000000
0	0.500000000000000	25	25	0.106423000000000	0.320000000000000	0.0147650000000000	0.0127000000000000	0.0167000000000000	0.140000000000000	997.049937000000	1.24392600000000	0.000890000000000000	1.80000000000000e-05	0	497.770998000000	0.621963000000000
0	0.460000000000000	25	25	0.106611000000000	0.300000000000000	0.0147650000000000	0.0127000000000000	0.0167000000000000	0.140000000000000	997.050021000000	1.24612400000000	0.000890000000000000	1.80000000000000e-05	0	458.757911000000	0.573217000000000
0	0.420000000000000	25	25	0.106800000000000	0.280000000000000	0.0147650000000000	0.0127000000000000	0.0167000000000000	0.140000000000000	997.050107000000	1.24833400000000	0.000890000000000000	1.80000000000000e-05	0	419.608125000000	0.524300000000000
0	0.370000000000000	25	25	0.106894000000000	0.270000000000000	0.0147650000000000	0.0127000000000000	0.0167000000000000	0.140000000000000	997.050149000000	1.24943300000000	0.000890000000000000	1.80000000000000e-05	0	369.979970000000	0.462290000000000
0	0.330000000000000	25	25	0.106988000000000	0.260000000000000	0.0147650000000000	0.0127000000000000	0.0167000000000000	0.140000000000000	997.050191000000	1.25053200000000	0.000890000000000000	1.80000000000000e-05	0	330.272173000000	0.412676000000000
0	0.290000000000000	25	25	0.107177000000000	0.240000000000000	0.0147650000000000	0.0127000000000000	0.0167000000000000	0.140000000000000	997.050277000000	1.25274200000000	0.000890000000000000	1.80000000000000e-05	0	290.751656000000	0.363295000000000
0	0.250000000000000	25	25	0.107271000000000	0.230000000000000	0.0147650000000000	0.0127000000000000	0.0167000000000000	0.140000000000000	997.050319000000	1.25384100000000	0.000890000000000000	1.80000000000000e-05	0	250.867704000000	0.313460000000000
0	0.200000000000000	25	25	0.107365000000000	0.220000000000000	0.0147650000000000	0.0127000000000000	0.0167000000000000	0.140000000000000	997.050362000000	1.25494000000000	0.000890000000000000	1.80000000000000e-05	0	200.869943000000	0.250988000000000
0	0.150000000000000	25	25	0.107648000000000	0.190000000000000	0.0147650000000000	0.0127000000000000	0.0167000000000000	0.140000000000000	997.050489000000	1.25824900000000	0.000890000000000000	1.80000000000000e-05	0	151.049363000000	0.188737000000000
0	0.120000000000000	25	25	0.107836000000000	0.170000000000000	0.0147650000000000	0.0127000000000000	0.0167000000000000	0.140000000000000	997.050574000000	1.26044800000000	0.000890000000000000	1.80000000000000e-05	0	121.050425000000	0.151254000000000
0	0.100000000000000	25	25	0.107836000000000	0.170000000000000	0.0147650000000000	0.0127000000000000	0.0167000000000000	0.140000000000000	997.050574000000	1.26044800000000	0.000890000000000000	1.80000000000000e-05	0	100.875355000000	0.126045000000000
0	0.0800000000000000	25	25	0.107931000000000	0.160000000000000	0.0147650000000000	0.0127000000000000	0.0167000000000000	0.140000000000000	997.050617000000	1.26155800000000	0.000890000000000000	1.80000000000000e-05	0	80.7713430000000	0.100925000000000
0.0900000000000000	1.10000000000000	25	25	0.107774000000000	0.390000000000000	0.0147650000000000	0.0127000000000000	0.0167000000000000	0.140000000000000	997.050546000000	1.25972300000000	0.000890000000000000	1.80000000000000e-05	1488.64997500000	1108.99123400000	91.1202440000000
0.0900000000000000	0.890000000000000	25	25	0.108144000000000	0.360000000000000	0.0147650000000000	0.0127000000000000	0.0167000000000000	0.140000000000000	997.050713000000	1.26404900000000	0.000890000000000000	1.80000000000000e-05	1488.65031100000	900.353657000000	90.8595680000000
0.0900000000000000	0.670000000000000	25	25	0.108764000000000	0.310000000000000	0.0147650000000000	0.0127000000000000	0.0167000000000000	0.140000000000000	997.050993000000	1.27129800000000	0.000890000000000000	1.80000000000000e-05	1488.65087300000	681.678268000000	90.5863590000000
0.0900000000000000	0.500000000000000	25	25	0.109387000000000	0.260000000000000	0.0147650000000000	0.0127000000000000	0.0167000000000000	0.140000000000000	997.051274000000	1.27858300000000	0.000890000000000000	1.80000000000000e-05	1488.65143800000	511.627598000000	90.3739060000000
0.0900000000000000	0.530000000000000	25	25	0.109136000000000	0.280000000000000	0.0147650000000000	0.0127000000000000	0.0167000000000000	0.140000000000000	997.051160000000	1.27564800000000	0.000890000000000000	1.80000000000000e-05	1488.65121000000	541.081448000000	90.4106980000000
0.0900000000000000	0.250000000000000	25	25	0.110258000000000	0.190000000000000	0.0147650000000000	0.0127000000000000	0.0167000000000000	0.140000000000000	997.051667000000	1.28876700000000	0.000890000000000000	1.80000000000000e-05	1488.65222700000	257.849710000000	90.0568420000000
0.0900000000000000	0.0300000000000000	25	25	0.111885000000000	0.0600000000000000	0.0147650000000000	0.0127000000000000	0.0167000000000000	0.140000000000000	997.052401000000	1.30779200000000	0.000890000000000000	1.80000000000000e-05	1488.65370200000	31.3983220000000	89.7739500000000
0.0900000000000000	1.11000000000000	25	25	0.106004000000000	0.370000000000000	0.0147650000000000	0.0127000000000000	0.0167000000000000	0.140000000000000	997.049748000000	1.23902700000000	0.000890000000000000	1.80000000000000e-05	1488.64837000000	1100.70298900000	91.1097970000000
0.0900000000000000	0.900000000000000	25	25	0.106469000000000	0.320000000000000	0.0147650000000000	0.0127000000000000	0.0167000000000000	0.140000000000000	997.049957000000	1.24446400000000	0.000890000000000000	1.80000000000000e-05	1488.64879200000	896.374889000000	90.8545140000000
0.0900000000000000	0.540000000000000	25	25	0.107118000000000	0.250000000000000	0.0147650000000000	0.0127000000000000	0.0167000000000000	0.140000000000000	997.050250000000	1.25205200000000	0.000890000000000000	1.80000000000000e-05	1488.64938000000	541.101744000000	90.4106310000000
0.0900000000000000	0.250000000000000	25	25	0.107769000000000	0.180000000000000	0.0147650000000000	0.0127000000000000	0.0167000000000000	0.140000000000000	997.050544000000	1.25966400000000	0.000890000000000000	1.80000000000000e-05	1488.64997100000	252.031775000000	90.0494650000000
0.100000000000000	5.74000000000000	25	25	0.102995000000000	0.790000000000000	0.0147650000000000	0.0127000000000000	0.0167000000000000	0.140000000000000	997.048390000000	1.20384400000000	0.000890000000000000	1.80000000000000e-05	1654.05071300000	5530.42964300000	106.614906000000
0.100000000000000	4.04000000000000	25	25	0.103945000000000	0.710000000000000	0.0147650000000000	0.0127000000000000	0.0167000000000000	0.140000000000000	997.048819000000	1.21495200000000	0.000890000000000000	1.80000000000000e-05	1654.05167100000	3928.38402600000	104.613288000000
0.100000000000000	1.50000000000000	25	25	0.106417000000000	0.500000000000000	0.0147650000000000	0.0127000000000000	0.0167000000000000	0.140000000000000	997.049934000000	1.24385600000000	0.000890000000000000	1.80000000000000e-05	1654.05416100000	1493.22884500000	101.570777000000
0.100000000000000	2.94000000000000	25	25	0.105037000000000	0.620000000000000	0.0147650000000000	0.0127000000000000	0.0167000000000000	0.140000000000000	997.049311000000	1.22772000000000	0.000890000000000000	1.80000000000000e-05	1654.05277100000	2888.79322900000	103.314428000000
0.100000000000000	2.86000000000000	25	25	0.105034000000000	0.620000000000000	0.0147650000000000	0.0127000000000000	0.0167000000000000	0.140000000000000	997.049310000000	1.22768500000000	0.000890000000000000	1.80000000000000e-05	1654.05276800000	2810.10638600000	103.216110000000
0.100000000000000	2.67000000000000	25	25	0.105279000000000	0.600000000000000	0.0147650000000000	0.0127000000000000	0.0167000000000000	0.140000000000000	997.049421000000	1.23055000000000	0.000890000000000000	1.80000000000000e-05	1654.05301400000	2629.53741000000	102.990510000000
0.100000000000000	2.46000000000000	25	25	0.105522000000000	0.580000000000000	0.0147650000000000	0.0127000000000000	0.0167000000000000	0.140000000000000	997.049530000000	1.23339100000000	0.000890000000000000	1.80000000000000e-05	1654.05325900000	2428.30919200000	102.739095000000
0.100000000000000	2.20000000000000	25	25	0.105889000000000	0.550000000000000	0.0147650000000000	0.0127000000000000	0.0167000000000000	0.140000000000000	997.049696000000	1.23768200000000	0.000890000000000000	1.80000000000000e-05	1654.05362900000	2179.20791500000	102.427870000000
0.100000000000000	1.92000000000000	25	25	0.106184000000000	0.520000000000000	0.0147650000000000	0.0127000000000000	0.0167000000000000	0.140000000000000	997.049829000000	1.24113100000000	0.000890000000000000	1.80000000000000e-05	1654.05392600000	1907.15007400000	102.087955000000
0.100000000000000	1.53000000000000	25	25	0.106922000000000	0.460000000000000	0.0147650000000000	0.0127000000000000	0.0167000000000000	0.140000000000000	997.050162000000	1.24976000000000	0.000890000000000000	1.80000000000000e-05	1654.05467000000	1530.31772900000	101.617150000000
0.100000000000000	0.120000000000000	25	25	0.111014000000000	0.130000000000000	0.0147650000000000	0.0127000000000000	0.0167000000000000	0.140000000000000	997.052008000000	1.29760700000000	0.000890000000000000	1.80000000000000e-05	1654.05879200000	124.616065000000	99.8609140000000
0.100000000000000	0.0600000000000000	25	25	0.111514000000000	0.0900000000000000	0.0147650000000000	0.0127000000000000	0.0167000000000000	0.140000000000000	997.052233000000	1.30345300000000	0.000890000000000000	1.80000000000000e-05	1654.05929500000	62.5885220000000	99.7834310000000
0.100000000000000	5.82000000000000	25	25	0.102425000000000	0.770000000000000	0.0147650000000000	0.0127000000000000	0.0167000000000000	0.140000000000000	997.048133000000	1.19718000000000	0.000890000000000000	1.80000000000000e-05	1654.05013900000	5576.48985200000	106.672400000000
0.100000000000000	4.10000000000000	25	25	0.103138000000000	0.690000000000000	0.0147650000000000	0.0127000000000000	0.0167000000000000	0.140000000000000	997.048455000000	1.20551600000000	0.000890000000000000	1.80000000000000e-05	1654.05085800000	3955.78899800000	104.647463000000
0.100000000000000	2.98000000000000	25	25	0.103956000000000	0.600000000000000	0.0147650000000000	0.0127000000000000	0.0167000000000000	0.140000000000000	997.048824000000	1.21508100000000	0.000890000000000000	1.80000000000000e-05	1654.05168200000	2897.97590700000	103.325823000000
0.100000000000000	2.90000000000000	25	25	0.104048000000000	0.590000000000000	0.0147650000000000	0.0127000000000000	0.0167000000000000	0.140000000000000	997.048865000000	1.21615600000000	0.000890000000000000	1.80000000000000e-05	1654.05177400000	2822.67254800000	103.231740000000
0.100000000000000	2.71000000000000	25	25	0.104043000000000	0.590000000000000	0.0147650000000000	0.0127000000000000	0.0167000000000000	0.140000000000000	997.048863000000	1.21609800000000	0.000890000000000000	1.80000000000000e-05	1654.05176900000	2637.61213300000	103.000512000000
0.100000000000000	2.50000000000000	25	25	0.104319000000000	0.560000000000000	0.0147650000000000	0.0127000000000000	0.0167000000000000	0.140000000000000	997.048987000000	1.21932500000000	0.000890000000000000	1.80000000000000e-05	1654.05204700000	2439.67320000000	102.753211000000
0.100000000000000	2.24000000000000	25	25	0.104500000000000	0.540000000000000	0.0147650000000000	0.0127000000000000	0.0167000000000000	0.140000000000000	997.049069000000	1.22144100000000	0.000890000000000000	1.80000000000000e-05	1654.05223000000	2189.73814600000	102.440936000000
0.100000000000000	1.95000000000000	25	25	0.105002000000000	0.480000000000000	0.0147650000000000	0.0127000000000000	0.0167000000000000	0.140000000000000	997.049296000000	1.22731100000000	0.000890000000000000	1.80000000000000e-05	1654.05273500000	1915.39817500000	102.098186000000
0.100000000000000	1.56000000000000	25	25	0.105367000000000	0.440000000000000	0.0147650000000000	0.0127000000000000	0.0167000000000000	0.140000000000000	997.049460000000	1.23157900000000	0.000890000000000000	1.80000000000000e-05	1654.05310300000	1537.64252500000	101.626209000000
0.100000000000000	0.130000000000000	25	25	0.108241000000000	0.130000000000000	0.0147650000000000	0.0127000000000000	0.0167000000000000	0.140000000000000	997.050757000000	1.26518300000000	0.000890000000000000	1.80000000000000e-05	1654.05599800000	131.630234000000	99.8695490000000
0.110000000000000	10.0200000000000	25	25	0.101806000000000	0.900000000000000	0.0147650000000000	0.0127000000000000	0.0167000000000000	0.140000000000000	997.047854000000	1.18994200000000	0.000890000000000000	1.80000000000000e-05	1819.45446700000	9542.76595300000	121.598487000000
0.110000000000000	9.66000000000000	25	25	0.101798000000000	0.900000000000000	0.0147650000000000	0.0127000000000000	0.0167000000000000	0.140000000000000	997.047850000000	1.18984900000000	0.000890000000000000	1.80000000000000e-05	1819.45445800000	9199.18948300000	121.169204000000
0.110000000000000	9.04000000000000	25	25	0.102017000000000	0.880000000000000	0.0147650000000000	0.0127000000000000	0.0167000000000000	0.140000000000000	997.047949000000	1.19240900000000	0.000890000000000000	1.80000000000000e-05	1819.45470100000	8627.27695800000	120.454656000000
0.110000000000000	8.35000000000000	25	25	0.102120000000000	0.870000000000000	0.0147650000000000	0.0127000000000000	0.0167000000000000	0.140000000000000	997.047995000000	1.19361400000000	0.000890000000000000	1.80000000000000e-05	1819.45481500000	7976.82089000000	119.641954000000
0.110000000000000	7.56000000000000	25	25	0.102341000000000	0.850000000000000	0.0147650000000000	0.0127000000000000	0.0167000000000000	0.140000000000000	997.048095000000	1.19619800000000	0.000890000000000000	1.80000000000000e-05	1819.45506000000	7237.74996600000	118.718545000000
0.110000000000000	6.66000000000000	25	25	0.102684000000000	0.820000000000000	0.0147650000000000	0.0127000000000000	0.0167000000000000	0.140000000000000	997.048250000000	1.20020800000000	0.000890000000000000	1.80000000000000e-05	1819.45544000000	6397.47292500000	117.668694000000
0.110000000000000	10.1800000000000	25	25	0.101433000000000	0.890000000000000	0.0147650000000000	0.0127000000000000	0.0167000000000000	0.140000000000000	997.047685000000	1.18558100000000	0.000890000000000000	1.80000000000000e-05	1819.45405400000	9659.64039100000	121.744462000000
0.110000000000000	9.80000000000000	25	25	0.101515000000000	0.880000000000000	0.0147650000000000	0.0127000000000000	0.0167000000000000	0.140000000000000	997.047722000000	1.18654000000000	0.000890000000000000	1.80000000000000e-05	1819.45414500000	9306.57847400000	121.303341000000
0.110000000000000	9.17000000000000	25	25	0.101594000000000	0.870000000000000	0.0147650000000000	0.0127000000000000	0.0167000000000000	0.140000000000000	997.047758000000	1.18746400000000	0.000890000000000000	1.80000000000000e-05	1819.45423200000	8715.07219700000	120.564295000000
0.110000000000000	8.47000000000000	25	25	0.101762000000000	0.850000000000000	0.0147650000000000	0.0127000000000000	0.0167000000000000	0.140000000000000	997.047834000000	1.18942800000000	0.000890000000000000	1.80000000000000e-05	1819.45441800000	8063.10485300000	119.749716000000
0.110000000000000	7.69000000000000	25	25	0.101931000000000	0.830000000000000	0.0147650000000000	0.0127000000000000	0.0167000000000000	0.140000000000000	997.047910000000	1.19140400000000	0.000890000000000000	1.80000000000000e-05	1819.45460600000	7332.72766100000	118.837166000000
0.110000000000000	6.75000000000000	25	25	0.102190000000000	0.800000000000000	0.0147650000000000	0.0127000000000000	0.0167000000000000	0.140000000000000	997.048027000000	1.19443200000000	0.000890000000000000	1.80000000000000e-05	1819.45489300000	6452.74634200000	117.737700000000
0.240000000000000	2.60000000000000	25	25	0.105604000000000	0.600000000000000	0.0147650000000000	0.0127000000000000	0.0167000000000000	0.140000000000000	997.049567000000	1.23435000000000	0.000890000000000000	1.80000000000000e-05	3969.72802000000	2568.49909900000	242.501206000000
0.240000000000000	2.64000000000000	25	25	0.104186000000000	0.600000000000000	0.0147650000000000	0.0127000000000000	0.0167000000000000	0.140000000000000	997.048927000000	1.21777000000000	0.000890000000000000	1.80000000000000e-05	3969.72459200000	2573.01184000000	242.506655000000
0.250000000000000	5.23000000000000	25	25	0.103864000000000	0.760000000000000	0.0147650000000000	0.0127000000000000	0.0167000000000000	0.140000000000000	997.048782000000	1.21400500000000	0.000890000000000000	1.80000000000000e-05	4135.12897200000	5081.54598600000	255.611442000000
0.250000000000000	2.64000000000000	25	25	0.105503000000000	0.610000000000000	0.0147650000000000	0.0127000000000000	0.0167000000000000	0.140000000000000	997.049522000000	1.23316900000000	0.000890000000000000	1.80000000000000e-05	4135.13310000000	2605.52135000000	252.517946000000
0.250000000000000	2.41000000000000	25	25	0.105854000000000	0.580000000000000	0.0147650000000000	0.0127000000000000	0.0167000000000000	0.140000000000000	997.049680000000	1.23727300000000	0.000890000000000000	1.80000000000000e-05	4135.13398400000	2386.43453500000	252.244248000000
0.250000000000000	2.25000000000000	25	25	0.106087000000000	0.560000000000000	0.0147650000000000	0.0127000000000000	0.0167000000000000	0.140000000000000	997.049785000000	1.23999700000000	0.000890000000000000	1.80000000000000e-05	4135.13457100000	2232.90083600000	252.052440000000
0.250000000000000	2.05000000000000	25	25	0.106441000000000	0.530000000000000	0.0147650000000000	0.0127000000000000	0.0167000000000000	0.140000000000000	997.049945000000	1.24413600000000	0.000890000000000000	1.80000000000000e-05	4135.13546300000	2041.20611000000	251.812966000000
0.250000000000000	1.79000000000000	25	25	0.106778000000000	0.490000000000000	0.0147650000000000	0.0127000000000000	0.0167000000000000	0.140000000000000	997.050097000000	1.24807700000000	0.000890000000000000	1.80000000000000e-05	4135.13631100000	1787.96166000000	251.496582000000
0.250000000000000	1.49000000000000	25	25	0.107369000000000	0.440000000000000	0.0147650000000000	0.0127000000000000	0.0167000000000000	0.140000000000000	997.050363000000	1.25498700000000	0.000890000000000000	1.80000000000000e-05	4135.13780000000	1496.53680100000	251.132522000000
0.250000000000000	1.07000000000000	25	25	0.108447000000000	0.350000000000000	0.0147650000000000	0.0127000000000000	0.0167000000000000	0.140000000000000	997.050850000000	1.26759200000000	0.000890000000000000	1.80000000000000e-05	4135.14051500000	1085.47898500000	250.619036000000
0.250000000000000	0.430000000000000	25	25	0.110127000000000	0.210000000000000	0.0147650000000000	0.0127000000000000	0.0167000000000000	0.140000000000000	997.051608000000	1.28723500000000	0.000890000000000000	1.80000000000000e-05	4135.14474600000	442.974831000000	249.816413000000
0.250000000000000	0.250000000000000	25	25	0.110732000000000	0.160000000000000	0.0147650000000000	0.0127000000000000	0.0167000000000000	0.140000000000000	997.051880000000	1.29431000000000	0.000890000000000000	1.80000000000000e-05	4135.14626900000	258.957651000000	249.586548000000
0.250000000000000	5.34000000000000	25	25	0.102879000000000	0.760000000000000	0.0147650000000000	0.0127000000000000	0.0167000000000000	0.140000000000000	997.048338000000	1.20248800000000	0.000890000000000000	1.80000000000000e-05	4135.12649200000	5139.24186200000	255.683371000000
0.250000000000000	2.69000000000000	25	25	0.104110000000000	0.610000000000000	0.0147650000000000	0.0127000000000000	0.0167000000000000	0.140000000000000	997.048893000000	1.21688100000000	0.000890000000000000	1.80000000000000e-05	4135.12959200000	2619.83155900000	252.535634000000
0.250000000000000	2.46000000000000	25	25	0.104373000000000	0.580000000000000	0.0147650000000000	0.0127000000000000	0.0167000000000000	0.140000000000000	997.049012000000	1.21995600000000	0.000890000000000000	1.80000000000000e-05	4135.13025400000	2401.88051400000	252.263346000000
0.250000000000000	2.30000000000000	25	25	0.104548000000000	0.560000000000000	0.0147650000000000	0.0127000000000000	0.0167000000000000	0.140000000000000	997.049091000000	1.22200300000000	0.000890000000000000	1.80000000000000e-05	4135.13069500000	2249.42411100000	252.072879000000
0.250000000000000	2.09000000000000	25	25	0.104813000000000	0.530000000000000	0.0147650000000000	0.0127000000000000	0.0167000000000000	0.140000000000000	997.049210000000	1.22510100000000	0.000890000000000000	1.80000000000000e-05	4135.13136200000	2049.22052300000	251.822764000000
0.250000000000000	1.82000000000000	25	25	0.105064000000000	0.490000000000000	0.0147650000000000	0.0127000000000000	0.0167000000000000	0.140000000000000	997.049324000000	1.22803600000000	0.000890000000000000	1.80000000000000e-05	4135.13199500000	1788.76003800000	251.497356000000
0.250000000000000	1.52000000000000	25	25	0.105508000000000	0.440000000000000	0.0147650000000000	0.0127000000000000	0.0167000000000000	0.140000000000000	997.049524000000	1.23322700000000	0.000890000000000000	1.80000000000000e-05	4135.13311300000	1500.21971700000	251.136886000000
0.250000000000000	1.09000000000000	25	25	0.106315000000000	0.350000000000000	0.0147650000000000	0.0127000000000000	0.0167000000000000	0.140000000000000	997.049888000000	1.24266300000000	0.000890000000000000	1.80000000000000e-05	4135.13514500000	1084.04008700000	250.616975000000
0.250000000000000	0.440000000000000	25	25	0.107573000000000	0.210000000000000	0.0147650000000000	0.0127000000000000	0.0167000000000000	0.140000000000000	997.050455000000	1.25737200000000	0.000890000000000000	1.80000000000000e-05	4135.13831400000	442.769584000000	249.815858000000
0.250000000000000	0.550000000000000	25	25	0.107395000000000	0.230000000000000	0.0147650000000000	0.0127000000000000	0.0167000000000000	0.140000000000000	997.050375000000	1.25529100000000	0.000890000000000000	1.80000000000000e-05	4135.13786500000	552.546618000000	249.953004000000
0.250000000000000	0.260000000000000	25	25	0.108026000000000	0.160000000000000	0.0147650000000000	0.0127000000000000	0.0167000000000000	0.140000000000000	997.050660000000	1.26266900000000	0.000890000000000000	1.80000000000000e-05	4135.13945400000	262.737808000000	249.590959000000
0.260000000000000	8.19000000000000	25	25	0.103372000000000	0.820000000000000	0.0147650000000000	0.0127000000000000	0.0167000000000000	0.140000000000000	997.048560000000	1.20825200000000	0.000890000000000000	1.80000000000000e-05	4300.53284300000	7919.84926900000	269.128213000000
0.260000000000000	7.64000000000000	25	25	0.103454000000000	0.810000000000000	0.0147650000000000	0.0127000000000000	0.0167000000000000	0.140000000000000	997.048597000000	1.20921100000000	0.000890000000000000	1.80000000000000e-05	4300.53305700000	7393.84904800000	268.471009000000
0.260000000000000	7.05000000000000	25	25	0.103536000000000	0.800000000000000	0.0147650000000000	0.0127000000000000	0.0167000000000000	0.140000000000000	997.048634000000	1.21017000000000	0.000890000000000000	1.80000000000000e-05	4300.53327200000	6828.26350300000	267.764343000000
0.260000000000000	6.13000000000000	25	25	0.103713000000000	0.780000000000000	0.0147650000000000	0.0127000000000000	0.0167000000000000	0.140000000000000	997.048714000000	1.21223900000000	0.000890000000000000	1.80000000000000e-05	4300.53373600000	5947.34449900000	266.663694000000
0.260000000000000	3.69000000000000	25	25	0.104627000000000	0.690000000000000	0.0147650000000000	0.0127000000000000	0.0167000000000000	0.140000000000000	997.049126000000	1.22292600000000	0.000890000000000000	1.80000000000000e-05	4300.53613000000	3611.58436400000	263.745371000000
0.260000000000000	1.64000000000000	25	25	0.106651000000000	0.500000000000000	0.0147650000000000	0.0127000000000000	0.0167000000000000	0.140000000000000	997.050039000000	1.24659200000000	0.000890000000000000	1.80000000000000e-05	4300.54143100000	1636.18504500000	261.277421000000
0.260000000000000	0.840000000000000	25	25	0.109056000000000	0.300000000000000	0.0147650000000000	0.0127000000000000	0.0167000000000000	0.140000000000000	997.051124000000	1.27471300000000	0.000890000000000000	1.80000000000000e-05	4300.54773000000	856.934740000000	260.304051000000
0.260000000000000	0.650000000000000	25	25	0.109535000000000	0.260000000000000	0.0147650000000000	0.0127000000000000	0.0167000000000000	0.140000000000000	997.051340000000	1.28031300000000	0.000890000000000000	1.80000000000000e-05	4300.54898500000	666.015327000000	260.065552000000
0.260000000000000	0.540000000000000	25	25	0.109898000000000	0.230000000000000	0.0147650000000000	0.0127000000000000	0.0167000000000000	0.140000000000000	997.051504000000	1.28455800000000	0.000890000000000000	1.80000000000000e-05	4300.54993600000	555.137784000000	259.927052000000
0.260000000000000	8.40000000000000	25	25	0.102505000000000	0.820000000000000	0.0147650000000000	0.0127000000000000	0.0167000000000000	0.140000000000000	997.048169000000	1.19811500000000	0.000890000000000000	1.80000000000000e-05	4300.53057200000	8054.82552400000	269.296692000000
0.260000000000000	7.83000000000000	25	25	0.102567000000000	0.810000000000000	0.0147650000000000	0.0127000000000000	0.0167000000000000	0.140000000000000	997.048197000000	1.19884000000000	0.000890000000000000	1.80000000000000e-05	4300.53073400000	7512.78732000000	268.619450000000
0.260000000000000	7.20000000000000	25	25	0.102628000000000	0.800000000000000	0.0147650000000000	0.0127000000000000	0.0167000000000000	0.140000000000000	997.048225000000	1.19955300000000	0.000890000000000000	1.80000000000000e-05	4300.53089400000	6912.41687100000	267.869323000000
0.260000000000000	6.28000000000000	25	25	0.102764000000000	0.780000000000000	0.0147650000000000	0.0127000000000000	0.0167000000000000	0.140000000000000	997.048286000000	1.20114400000000	0.000890000000000000	1.80000000000000e-05	4300.53125000000	6037.14957700000	266.775736000000
0.260000000000000	3.78000000000000	25	25	0.103452000000000	0.690000000000000	0.0147650000000000	0.0127000000000000	0.0167000000000000	0.140000000000000	997.048596000000	1.20918800000000	0.000890000000000000	1.80000000000000e-05	4300.53305200000	3658.14258400000	263.803365000000
0.260000000000000	1.67000000000000	25	25	0.104969000000000	0.500000000000000	0.0147650000000000	0.0127000000000000	0.0167000000000000	0.140000000000000	997.049281000000	1.22692500000000	0.000890000000000000	1.80000000000000e-05	4300.53702600000	1639.85135400000	261.281778000000
0.260000000000000	0.860000000000000	25	25	0.106771000000000	0.300000000000000	0.0147650000000000	0.0127000000000000	0.0167000000000000	0.140000000000000	997.050094000000	1.24799500000000	0.000890000000000000	1.80000000000000e-05	4300.54174500000	858.964399000000	260.306300000000
0.260000000000000	0.670000000000000	25	25	0.107130000000000	0.260000000000000	0.0147650000000000	0.0127000000000000	0.0167000000000000	0.140000000000000	997.050256000000	1.25219300000000	0.000890000000000000	1.80000000000000e-05	4300.54268600000	671.442153000000	260.072035000000
0.270000000000000	8.97000000000000	25	25	0.103341000000000	0.830000000000000	0.0147650000000000	0.0127000000000000	0.0167000000000000	0.140000000000000	997.048546000000	1.20789000000000	0.000890000000000000	1.80000000000000e-05	4465.93786800000	8671.52058300000	280.037880000000
0.270000000000000	8.75000000000000	25	25	0.103438000000000	0.820000000000000	0.0147650000000000	0.0127000000000000	0.0167000000000000	0.140000000000000	997.048590000000	1.20902400000000	0.000890000000000000	1.80000000000000e-05	4465.93813100000	8466.77723400000	279.782080000000
0.270000000000000	0.120000000000000	25	25	0.111230000000000	0.120000000000000	0.0147650000000000	0.0127000000000000	0.0167000000000000	0.140000000000000	997.052105000000	1.30013300000000	0.000890000000000000	1.80000000000000e-05	4465.95932500000	124.858408000000	269.360084000000
0.270000000000000	9.24000000000000	25	25	0.102480000000000	0.830000000000000	0.0147650000000000	0.0127000000000000	0.0167000000000000	0.140000000000000	997.048158000000	1.19782300000000	0.000890000000000000	1.80000000000000e-05	4465.93552600000	8858.14813400000	280.270887000000
0.270000000000000	8.99000000000000	25	25	0.102553000000000	0.820000000000000	0.0147650000000000	0.0127000000000000	0.0167000000000000	0.140000000000000	997.048191000000	1.19867600000000	0.000890000000000000	1.80000000000000e-05	4465.93572400000	8624.61600900000	279.979113000000
0.270000000000000	0.130000000000000	25	25	0.108398000000000	0.120000000000000	0.0147650000000000	0.0127000000000000	0.0167000000000000	0.140000000000000	997.050828000000	1.26701900000000	0.000890000000000000	1.80000000000000e-05	4465.95162300000	131.821066000000	269.368436000000
0.490000000000000	8	25	25	0.104630000000000	0.790000000000000	0.0147650000000000	0.0127000000000000	0.0167000000000000	0.140000000000000	997.049128000000	1.22296100000000	0.000890000000000000	1.80000000000000e-05	8104.85656700000	7830.21760600000	498.337764000000
0.490000000000000	7.76000000000000	25	25	0.104614000000000	0.790000000000000	0.0147650000000000	0.0127000000000000	0.0167000000000000	0.140000000000000	997.049121000000	1.22277400000000	0.000890000000000000	1.80000000000000e-05	8104.85648800000	7594.15015500000	498.042798000000
0.490000000000000	0.820000000000000	25	25	0.109683000000000	0.270000000000000	0.0147650000000000	0.0127000000000000	0.0167000000000000	0.140000000000000	997.051407000000	1.28204400000000	0.000890000000000000	1.80000000000000e-05	8104.88151000000	841.338641000000	489.606466000000
0.490000000000000	0.650000000000000	25	25	0.110025000000000	0.240000000000000	0.0147650000000000	0.0127000000000000	0.0167000000000000	0.140000000000000	997.051562000000	1.28604300000000	0.000890000000000000	1.80000000000000e-05	8104.88319800000	668.993229000000	489.391193000000
0.490000000000000	0.510000000000000	25	25	0.110495000000000	0.200000000000000	0.0147650000000000	0.0127000000000000	0.0167000000000000	0.140000000000000	997.051774000000	1.29153800000000	0.000890000000000000	1.80000000000000e-05	8104.88551800000	527.143510000000	489.214054000000
0.490000000000000	0.250000000000000	25	25	0.111068000000000	0.150000000000000	0.0147650000000000	0.0127000000000000	0.0167000000000000	0.140000000000000	997.052032000000	1.29823800000000	0.000890000000000000	1.80000000000000e-05	8104.88834600000	259.743023000000	488.880055000000
0.490000000000000	0.120000000000000	25	25	0.111539000000000	0.110000000000000	0.0147650000000000	0.0127000000000000	0.0167000000000000	0.140000000000000	997.052245000000	1.30374600000000	0.000890000000000000	1.80000000000000e-05	8104.89067100000	125.205093000000	488.712049000000
0.490000000000000	0.0600000000000000	25	25	0.111899000000000	0.0800000000000000	0.0147650000000000	0.0127000000000000	0.0167000000000000	0.140000000000000	997.052407000000	1.30795500000000	0.000890000000000000	1.80000000000000e-05	8104.89244800000	62.8044980000000	488.634157000000
0.490000000000000	8.29000000000000	25	25	0.103404000000000	0.790000000000000	0.0147650000000000	0.0127000000000000	0.0167000000000000	0.140000000000000	997.048575000000	1.20862700000000	0.000890000000000000	1.80000000000000e-05	8104.85051500000	8019.03117900000	498.573316000000
0.490000000000000	8.06000000000000	25	25	0.103393000000000	0.790000000000000	0.0147650000000000	0.0127000000000000	0.0167000000000000	0.140000000000000	997.048570000000	1.20849800000000	0.000890000000000000	1.80000000000000e-05	8104.85046100000	7795.72001100000	498.294293000000
0.490000000000000	1.54000000000000	25	25	0.106021000000000	0.410000000000000	0.0147650000000000	0.0127000000000000	0.0167000000000000	0.140000000000000	997.049755000000	1.23922600000000	0.000890000000000000	1.80000000000000e-05	8104.86343300000	1527.34622900000	490.462787000000
0.490000000000000	1.09000000000000	25	25	0.106703000000000	0.330000000000000	0.0147650000000000	0.0127000000000000	0.0167000000000000	0.140000000000000	997.050063000000	1.24720000000000	0.000890000000000000	1.80000000000000e-05	8104.86680000000	1087.99441100000	489.913979000000
0.490000000000000	0.840000000000000	25	25	0.107226000000000	0.270000000000000	0.0147650000000000	0.0127000000000000	0.0167000000000000	0.140000000000000	997.050299000000	1.25331500000000	0.000890000000000000	1.80000000000000e-05	8104.86938200000	842.562056000000	489.607431000000
0.490000000000000	0.660000000000000	25	25	0.107482000000000	0.240000000000000	0.0147650000000000	0.0127000000000000	0.0167000000000000	0.140000000000000	997.050414000000	1.25630800000000	0.000890000000000000	1.80000000000000e-05	8104.87064500000	663.592817000000	489.383867000000
0.490000000000000	0.520000000000000	25	25	0.107835000000000	0.200000000000000	0.0147650000000000	0.0127000000000000	0.0167000000000000	0.140000000000000	997.050574000000	1.26043600000000	0.000890000000000000	1.80000000000000e-05	8104.87238800000	524.546982000000	489.210208000000
0.490000000000000	0.260000000000000	25	25	0.108265000000000	0.150000000000000	0.0147650000000000	0.0127000000000000	0.0167000000000000	0.140000000000000	997.050768000000	1.26546400000000	0.000890000000000000	1.80000000000000e-05	8104.87451000000	263.318812000000	488.883897000000
0.490000000000000	0.130000000000000	25	25	0.108619000000000	0.110000000000000	0.0147650000000000	0.0127000000000000	0.0167000000000000	0.140000000000000	997.050927000000	1.26960300000000	0.000890000000000000	1.80000000000000e-05	8104.87625800000	132.089688000000	488.720003000000
0.500000000000000	7.28000000000000	25	25	0.104711000000000	0.780000000000000	0.0147650000000000	0.0127000000000000	0.0167000000000000	0.140000000000000	997.049164000000	1.22390800000000	0.000890000000000000	1.80000000000000e-05	8270.26221100000	7131.01165400000	507.434636000000
0.500000000000000	6.79000000000000	25	25	0.104764000000000	0.770000000000000	0.0147650000000000	0.0127000000000000	0.0167000000000000	0.140000000000000	997.049188000000	1.22452800000000	0.000890000000000000	1.80000000000000e-05	8270.26247800000	6654.40457400000	506.839140000000
0.500000000000000	5.54000000000000	25	25	0.105049000000000	0.730000000000000	0.0147650000000000	0.0127000000000000	0.0167000000000000	0.140000000000000	997.049317000000	1.22786000000000	0.000890000000000000	1.80000000000000e-05	8270.26391400000	5444.12992900000	505.327005000000
0.500000000000000	4.85000000000000	25	25	0.105405000000000	0.690000000000000	0.0147650000000000	0.0127000000000000	0.0167000000000000	0.140000000000000	997.049477000000	1.23202300000000	0.000890000000000000	1.80000000000000e-05	8270.26570700000	4782.21441700000	504.500050000000
0.500000000000000	2.60000000000000	25	25	0.106645000000000	0.560000000000000	0.0147650000000000	0.0127000000000000	0.0167000000000000	0.140000000000000	997.050037000000	1.24652200000000	0.000890000000000000	1.80000000000000e-05	8270.27195300000	2593.80604100000	501.765975000000
0.500000000000000	2.55000000000000	25	25	0.106873000000000	0.540000000000000	0.0147650000000000	0.0127000000000000	0.0167000000000000	0.140000000000000	997.050140000000	1.24918800000000	0.000890000000000000	1.80000000000000e-05	8270.27310100000	2549.36126300000	501.710498000000
0.500000000000000	2.40000000000000	25	25	0.106973000000000	0.530000000000000	0.0147650000000000	0.0127000000000000	0.0167000000000000	0.140000000000000	997.050185000000	1.25035700000000	0.000890000000000000	1.80000000000000e-05	8270.27360500000	2401.64284000000	501.525949000000
0.500000000000000	2.23000000000000	25	25	0.107189000000000	0.510000000000000	0.0147650000000000	0.0127000000000000	0.0167000000000000	0.140000000000000	997.050282000000	1.25288200000000	0.000890000000000000	1.80000000000000e-05	8270.27469300000	2236.03018200000	501.319069000000
0.500000000000000	2.02000000000000	25	25	0.107399000000000	0.490000000000000	0.0147650000000000	0.0127000000000000	0.0167000000000000	0.140000000000000	997.050377000000	1.25533800000000	0.000890000000000000	1.80000000000000e-05	8270.27575100000	2029.42858000000	501.060971000000
0.500000000000000	1.78000000000000	25	25	0.107653000000000	0.450000000000000	0.0147650000000000	0.0127000000000000	0.0167000000000000	0.140000000000000	997.050491000000	1.25830800000000	0.000890000000000000	1.80000000000000e-05	8270.27703000000	1792.53565900000	500.765034000000
0.500000000000000	1.50000000000000	25	25	0.108094000000000	0.410000000000000	0.0147650000000000	0.0127000000000000	0.0167000000000000	0.140000000000000	997.050690000000	1.26346400000000	0.000890000000000000	1.80000000000000e-05	8270.27925100000	1516.74873900000	500.420542000000
0.500000000000000	1.07000000000000	25	25	0.109001000000000	0.330000000000000	0.0147650000000000	0.0127000000000000	0.0167000000000000	0.140000000000000	997.051100000000	1.27406900000000	0.000890000000000000	1.80000000000000e-05	8270.28382000000	1091.02139600000	499.888804000000
0.500000000000000	0.520000000000000	25	25	0.110386000000000	0.210000000000000	0.0147650000000000	0.0127000000000000	0.0167000000000000	0.140000000000000	997.051724000000	1.29026400000000	0.000890000000000000	1.80000000000000e-05	8270.29079600000	536.949715000000	499.196799000000
0.500000000000000	0.0300000000000000	25	25	0.112274000000000	0.0500000000000000	0.0147650000000000	0.0127000000000000	0.0167000000000000	0.140000000000000	997.052576000000	1.31234000000000	0.000890000000000000	1.80000000000000e-05	8270.30030500000	31.5074320000000	498.565658000000
0.500000000000000	7.56000000000000	25	25	0.103466000000000	0.780000000000000	0.0147650000000000	0.0127000000000000	0.0167000000000000	0.140000000000000	997.048603000000	1.20935200000000	0.000890000000000000	1.80000000000000e-05	8270.25594000000	7317.27480500000	507.666999000000
0.500000000000000	7.05000000000000	25	25	0.103508000000000	0.770000000000000	0.0147650000000000	0.0127000000000000	0.0167000000000000	0.140000000000000	997.048622000000	1.20984300000000	0.000890000000000000	1.80000000000000e-05	8270.25615100000	6826.41775100000	507.053701000000
0.500000000000000	5.76000000000000	25	25	0.103731000000000	0.730000000000000	0.0147650000000000	0.0127000000000000	0.0167000000000000	0.140000000000000	997.048722000000	1.21245000000000	0.000890000000000000	1.80000000000000e-05	8270.25727500000	5589.33882100000	505.508073000000
0.500000000000000	2.68000000000000	25	25	0.104942000000000	0.560000000000000	0.0147650000000000	0.0127000000000000	0.0167000000000000	0.140000000000000	997.049268000000	1.22660900000000	0.000890000000000000	1.80000000000000e-05	8270.26337500000	2630.94116200000	501.811947000000
0.500000000000000	2.63000000000000	25	25	0.105114000000000	0.540000000000000	0.0147650000000000	0.0127000000000000	0.0167000000000000	0.140000000000000	997.049346000000	1.22862000000000	0.000890000000000000	1.80000000000000e-05	8270.26424100000	2586.08608600000	501.755945000000
0.500000000000000	2.47000000000000	25	25	0.105189000000000	0.530000000000000	0.0147650000000000	0.0127000000000000	0.0167000000000000	0.140000000000000	997.049380000000	1.22949700000000	0.000890000000000000	1.80000000000000e-05	8270.26461900000	2430.48977400000	501.561549000000
0.500000000000000	2.30000000000000	25	25	0.105352000000000	0.510000000000000	0.0147650000000000	0.0127000000000000	0.0167000000000000	0.140000000000000	997.049453000000	1.23140300000000	0.000890000000000000	1.80000000000000e-05	8270.26544000000	2266.71447600000	501.356954000000
0.500000000000000	2.08000000000000	25	25	0.105510000000000	0.490000000000000	0.0147650000000000	0.0127000000000000	0.0167000000000000	0.140000000000000	997.049525000000	1.23325100000000	0.000890000000000000	1.80000000000000e-05	8270.26623600000	2052.97114100000	501.089924000000
0.500000000000000	1.83000000000000	25	25	0.105701000000000	0.450000000000000	0.0147650000000000	0.0127000000000000	0.0167000000000000	0.140000000000000	997.049611000000	1.23548400000000	0.000890000000000000	1.80000000000000e-05	8270.26719800000	1809.48795300000	500.785741000000
0.500000000000000	0.530000000000000	25	25	0.107752000000000	0.210000000000000	0.0147650000000000	0.0127000000000000	0.0167000000000000	0.140000000000000	997.050536000000	1.25946500000000	0.000890000000000000	1.80000000000000e-05	8270.27752900000	534.223120000000	499.192785000000
0.510000000000000	6.25000000000000	25	25	0.104950000000000	0.750000000000000	0.0147650000000000	0.0127000000000000	0.0167000000000000	0.140000000000000	997.049272000000	1.22670300000000	0.000890000000000000	1.80000000000000e-05	8435.66868300000	6136.05790600000	516.162022000000
0.510000000000000	3.45000000000000	25	25	0.105963000000000	0.630000000000000	0.0147650000000000	0.0127000000000000	0.0167000000000000	0.140000000000000	997.049729000000	1.23854700000000	0.000890000000000000	1.80000000000000e-05	8435.67388800000	3419.78131200000	512.768350000000
0.510000000000000	1.37000000000000	25	25	0.107851000000000	0.430000000000000	0.0147650000000000	0.0127000000000000	0.0167000000000000	0.140000000000000	997.050581000000	1.26062300000000	0.000890000000000000	1.80000000000000e-05	8435.68358800000	1382.18449800000	510.222850000000
0.510000000000000	6.48000000000000	25	25	0.103649000000000	0.750000000000000	0.0147650000000000	0.0127000000000000	0.0167000000000000	0.140000000000000	997.048685000000	1.21149100000000	0.000890000000000000	1.80000000000000e-05	8435.66199900000	6283.03780100000	516.345292000000
0.510000000000000	5	25	25	0.104025000000000	0.690000000000000	0.0147650000000000	0.0127000000000000	0.0167000000000000	0.140000000000000	997.048855000000	1.21588800000000	0.000890000000000000	1.80000000000000e-05	8435.66393100000	4865.60152600000	514.574353000000
0.510000000000000	3.56000000000000	25	25	0.104424000000000	0.630000000000000	0.0147650000000000	0.0127000000000000	0.0167000000000000	0.140000000000000	997.049035000000	1.22055300000000	0.000890000000000000	1.80000000000000e-05	8435.66598100000	3477.58975500000	512.840176000000
0.510000000000000	1.42000000000000	25	25	0.105850000000000	0.430000000000000	0.0147650000000000	0.0127000000000000	0.0167000000000000	0.140000000000000	997.049678000000	1.23722600000000	0.000890000000000000	1.80000000000000e-05	8435.67330700000	1406.06184600000	510.252197000000
0.750000000000000	2.38000000000000	25	25	0.108068000000000	0.490000000000000	0.0147650000000000	0.0127000000000000	0.0167000000000000	0.140000000000000	997.050679000000	1.26316000000000	0.000890000000000000	1.80000000000000e-05	12405.4186800000	2405.99609400000	750.794330000000
0.750000000000000	2.34000000000000	25	25	0.108062000000000	0.490000000000000	0.0147650000000000	0.0127000000000000	0.0167000000000000	0.140000000000000	997.050676000000	1.26309000000000	0.000890000000000000	1.80000000000000e-05	12405.4186400000	2365.42791200000	750.743638000000
0.750000000000000	2.18000000000000	25	25	0.108149000000000	0.480000000000000	0.0147650000000000	0.0127000000000000	0.0167000000000000	0.140000000000000	997.050715000000	1.26410700000000	0.000890000000000000	1.80000000000000e-05	12405.4192900000	2205.46255600000	750.543790000000
0.750000000000000	2.05000000000000	25	25	0.108240000000000	0.470000000000000	0.0147650000000000	0.0127000000000000	0.0167000000000000	0.140000000000000	997.050756000000	1.26517100000000	0.000890000000000000	1.80000000000000e-05	12405.4199800000	2075.68837200000	750.381668000000
0.750000000000000	1.77000000000000	25	25	0.108407000000000	0.430000000000000	0.0147650000000000	0.0127000000000000	0.0167000000000000	0.140000000000000	997.050832000000	1.26712400000000	0.000890000000000000	1.80000000000000e-05	12405.4212400000	1794.94345200000	750.030933000000
0.750000000000000	1.58000000000000	25	25	0.108715000000000	0.400000000000000	0.0147650000000000	0.0127000000000000	0.0167000000000000	0.140000000000000	997.050971000000	1.27072500000000	0.000890000000000000	1.80000000000000e-05	12405.4235700000	1606.81593000000	749.795974000000
0.750000000000000	2.48000000000000	25	25	0.105977000000000	0.490000000000000	0.0147650000000000	0.0127000000000000	0.0167000000000000	0.140000000000000	997.049735000000	1.23871100000000	0.000890000000000000	1.80000000000000e-05	12405.4028800000	2458.60221600000	750.859305000000
0.750000000000000	2.43000000000000	25	25	0.105972000000000	0.490000000000000	0.0147650000000000	0.0127000000000000	0.0167000000000000	0.140000000000000	997.049733000000	1.23865300000000	0.000890000000000000	1.80000000000000e-05	12405.4028400000	2408.92002000000	750.797226000000
0.750000000000000	2.27000000000000	25	25	0.106038000000000	0.480000000000000	0.0147650000000000	0.0127000000000000	0.0167000000000000	0.140000000000000	997.049763000000	1.23942400000000	0.000890000000000000	1.80000000000000e-05	12405.4033400000	2251.70883300000	750.600815000000
0.750000000000000	2.13000000000000	25	25	0.106107000000000	0.470000000000000	0.0147650000000000	0.0127000000000000	0.0167000000000000	0.140000000000000	997.049794000000	1.24023100000000	0.000890000000000000	1.80000000000000e-05	12405.4038600000	2114.21110600000	750.429038000000
0.750000000000000	1.84000000000000	25	25	0.106236000000000	0.430000000000000	0.0147650000000000	0.0127000000000000	0.0167000000000000	0.140000000000000	997.049852000000	1.24173900000000	0.000890000000000000	1.80000000000000e-05	12405.4048400000	1828.58010300000	750.072190000000
0.750000000000000	1.64000000000000	25	25	0.106468000000000	0.400000000000000	0.0147650000000000	0.0127000000000000	0.0167000000000000	0.140000000000000	997.049957000000	1.24445200000000	0.000890000000000000	1.80000000000000e-05	12405.4065900000	1633.37890900000	749.828369000000
0.760000000000000	6.70000000000000	25	25	0.106248000000000	0.740000000000000	0.0147650000000000	0.0127000000000000	0.0167000000000000	0.140000000000000	997.049858000000	1.24188000000000	0.000890000000000000	1.80000000000000e-05	12570.8103300000	6659.16842400000	766.078486000000
0.760000000000000	6.60000000000000	25	25	0.106303000000000	0.730000000000000	0.0147650000000000	0.0127000000000000	0.0167000000000000	0.140000000000000	997.049882000000	1.24252300000000	0.000890000000000000	1.80000000000000e-05	12570.8107500000	6563.17192700000	765.958561000000
0.760000000000000	6.29000000000000	25	25	0.106342000000000	0.720000000000000	0.0147650000000000	0.0127000000000000	0.0167000000000000	0.140000000000000	997.049900000000	1.24297900000000	0.000890000000000000	1.80000000000000e-05	12570.8110500000	6257.19539600000	765.576261000000
0.760000000000000	5.90000000000000	25	25	0.106453000000000	0.700000000000000	0.0147650000000000	0.0127000000000000	0.0167000000000000	0.140000000000000	997.049950000000	1.24427700000000	0.000890000000000000	1.80000000000000e-05	12570.8119000000	5875.35274100000	765.099195000000
0.760000000000000	3.17000000000000	25	25	0.107354000000000	0.570000000000000	0.0147650000000000	0.0127000000000000	0.0167000000000000	0.140000000000000	997.050357000000	1.25481200000000	0.000890000000000000	1.80000000000000e-05	12570.8188000000	3183.46256200000	761.736024000000
0.760000000000000	0.980000000000000	25	25	0.109203000000000	0.350000000000000	0.0147650000000000	0.0127000000000000	0.0167000000000000	0.140000000000000	997.051191000000	1.27643100000000	0.000890000000000000	1.80000000000000e-05	12570.8329500000	1001.10413300000	759.009808000000
0.760000000000000	1.36000000000000	25	25	0.109042000000000	0.370000000000000	0.0147650000000000	0.0127000000000000	0.0167000000000000	0.140000000000000	997.051118000000	1.27454900000000	0.000890000000000000	1.80000000000000e-05	12570.8317200000	1387.24013000000	759.492236000000
0.760000000000000	1.01000000000000	25	25	0.109792000000000	0.300000000000000	0.0147650000000000	0.0127000000000000	0.0167000000000000	0.140000000000000	997.051456000000	1.28331800000000	0.000890000000000000	1.80000000000000e-05	12570.8374600000	1037.31227700000	759.055258000000
0.760000000000000	0.780000000000000	25	25	0.110338000000000	0.250000000000000	0.0147650000000000	0.0127000000000000	0.0167000000000000	0.140000000000000	997.051703000000	1.28970300000000	0.000890000000000000	1.80000000000000e-05	12570.8416400000	805.074519000000	758.765262000000
0.760000000000000	0.610000000000000	25	25	0.110661000000000	0.220000000000000	0.0147650000000000	0.0127000000000000	0.0167000000000000	0.140000000000000	997.051848000000	1.29347900000000	0.000890000000000000	1.80000000000000e-05	12570.8441200000	631.451733000000	758.548427000000
0.760000000000000	0.480000000000000	25	25	0.110992000000000	0.190000000000000	0.0147650000000000	0.0127000000000000	0.0167000000000000	0.140000000000000	997.051998000000	1.29735000000000	0.000890000000000000	1.80000000000000e-05	12570.8466500000	498.365529000000	758.382246000000
0.760000000000000	0.520000000000000	25	25	0.110762000000000	0.210000000000000	0.0147650000000000	0.0127000000000000	0.0167000000000000	0.140000000000000	997.051894000000	1.29466000000000	0.000890000000000000	1.80000000000000e-05	12570.8448900000	538.777769000000	758.432663000000
0.760000000000000	0.0600000000000000	25	25	0.112585000000000	0.0500000000000000	0.0147650000000000	0.0127000000000000	0.0167000000000000	0.140000000000000	997.052716000000	1.31597700000000	0.000890000000000000	1.80000000000000e-05	12570.8588500000	63.1893260000000	757.839023000000
0.760000000000000	7.04000000000000	25	25	0.104556000000000	0.740000000000000	0.0147650000000000	0.0127000000000000	0.0167000000000000	0.140000000000000	997.049094000000	1.22209600000000	0.000890000000000000	1.80000000000000e-05	12570.7973700000	6885.72040400000	766.360869000000
0.760000000000000	6.94000000000000	25	25	0.104602000000000	0.730000000000000	0.0147650000000000	0.0127000000000000	0.0167000000000000	0.140000000000000	997.049115000000	1.22263400000000	0.000890000000000000	1.80000000000000e-05	12570.7977300000	6790.89683900000	766.242407000000
0.760000000000000	6.60000000000000	25	25	0.104635000000000	0.720000000000000	0.0147650000000000	0.0127000000000000	0.0167000000000000	0.140000000000000	997.049130000000	1.22302000000000	0.000890000000000000	1.80000000000000e-05	12570.7979800000	6460.23808200000	765.829270000000
0.760000000000000	6.21000000000000	25	25	0.104666000000000	0.710000000000000	0.0147650000000000	0.0127000000000000	0.0167000000000000	0.140000000000000	997.049144000000	1.22338200000000	0.000890000000000000	1.80000000000000e-05	12570.7982200000	6080.29675000000	765.354554000000
0.760000000000000	3.31000000000000	25	25	0.105430000000000	0.570000000000000	0.0147650000000000	0.0127000000000000	0.0167000000000000	0.140000000000000	997.049489000000	1.23231500000000	0.000890000000000000	1.80000000000000e-05	12570.8040700000	3264.51181100000	761.836575000000
0.760000000000000	0.970000000000000	25	25	0.106829000000000	0.350000000000000	0.0147650000000000	0.0127000000000000	0.0167000000000000	0.140000000000000	997.050120000000	1.24867300000000	0.000890000000000000	1.80000000000000e-05	12570.8147800000	969.357971000000	758.969304000000
0.760000000000000	1.41000000000000	25	25	0.106714000000000	0.370000000000000	0.0147650000000000	0.0127000000000000	0.0167000000000000	0.140000000000000	997.050068000000	1.24732800000000	0.000890000000000000	1.80000000000000e-05	12570.8139000000	1407.55063300000	759.516785000000
0.760000000000000	1.04000000000000	25	25	0.107278000000000	0.300000000000000	0.0147650000000000	0.0127000000000000	0.0167000000000000	0.140000000000000	997.050322000000	1.25392300000000	0.000890000000000000	1.80000000000000e-05	12570.8182200000	1043.67771700000	759.062325000000
0.760000000000000	0.800000000000000	25	25	0.107689000000000	0.250000000000000	0.0147650000000000	0.0127000000000000	0.0167000000000000	0.140000000000000	997.050508000000	1.25872900000000	0.000890000000000000	1.80000000000000e-05	12570.8213600000	805.903283000000	758.765369000000
0.760000000000000	0.620000000000000	25	25	0.107932000000000	0.220000000000000	0.0147650000000000	0.0127000000000000	0.0167000000000000	0.140000000000000	997.050617000000	1.26157000000000	0.000890000000000000	1.80000000000000e-05	12570.8232200000	625.983706000000	758.540643000000
0.760000000000000	0.490000000000000	25	25	0.108182000000000	0.190000000000000	0.0147650000000000	0.0127000000000000	0.0167000000000000	0.140000000000000	997.050730000000	1.26449300000000	0.000890000000000000	1.80000000000000e-05	12570.8251400000	495.874423000000	758.378157000000
0.760000000000000	0.540000000000000	25	25	0.108010000000000	0.210000000000000	0.0147650000000000	0.0127000000000000	0.0167000000000000	0.140000000000000	997.050653000000	1.26248200000000	0.000890000000000000	1.80000000000000e-05	12570.8238200000	545.605434000000	758.440236000000
0.770000000000000	5.51000000000000	25	25	0.106461000000000	0.700000000000000	0.0147650000000000	0.0127000000000000	0.0167000000000000	0.140000000000000	997.049954000000	1.24437000000000	0.000890000000000000	1.80000000000000e-05	12736.2173800000	5487.39411700000	774.584944000000
0.770000000000000	4.84000000000000	25	25	0.106721000000000	0.660000000000000	0.0147650000000000	0.0127000000000000	0.0167000000000000	0.140000000000000	997.050071000000	1.24741000000000	0.000890000000000000	1.80000000000000e-05	12736.2194000000	4831.90902400000	773.766021000000
0.770000000000000	4.28000000000000	25	25	0.106839000000000	0.640000000000000	0.0147650000000000	0.0127000000000000	0.0167000000000000	0.140000000000000	997.050124000000	1.24879000000000	0.000890000000000000	1.80000000000000e-05	12736.2203100000	4277.56730900000	773.073417000000
0.770000000000000	0.250000000000000	25	25	0.111559000000000	0.140000000000000	0.0147650000000000	0.0127000000000000	0.0167000000000000	0.140000000000000	997.052254000000	1.30398000000000	0.000890000000000000	1.80000000000000e-05	12736.2569200000	260.890691000000	768.056230000000
0.770000000000000	0.120000000000000	25	25	0.112131000000000	0.0900000000000000	0.0147650000000000	0.0127000000000000	0.0167000000000000	0.140000000000000	997.052512000000	1.31066800000000	0.000890000000000000	1.80000000000000e-05	12736.2613600000	125.869288000000	767.887714000000
0.770000000000000	5.77000000000000	25	25	0.104728000000000	0.700000000000000	0.0147650000000000	0.0127000000000000	0.0167000000000000	0.140000000000000	997.049172000000	1.22410700000000	0.000890000000000000	1.80000000000000e-05	12736.2039400000	5652.83161800000	774.790961000000
0.770000000000000	4.48000000000000	25	25	0.105029000000000	0.640000000000000	0.0147650000000000	0.0127000000000000	0.0167000000000000	0.140000000000000	997.049308000000	1.22762700000000	0.000890000000000000	1.80000000000000e-05	12736.2062700000	4401.63552400000	773.227734000000
0.770000000000000	0.260000000000000	25	25	0.108608000000000	0.140000000000000	0.0147650000000000	0.0127000000000000	0.0167000000000000	0.140000000000000	997.050922000000	1.26947400000000	0.000890000000000000	1.80000000000000e-05	12736.2340300000	264.152635000000	768.059273000000
0.770000000000000	0.130000000000000	25	25	0.109038000000000	0.0900000000000000	0.0147650000000000	0.0127000000000000	0.0167000000000000	0.140000000000000	997.051116000000	1.27450200000000	0.000890000000000000	1.80000000000000e-05	12736.2373700000	132.598974000000	767.895045000000
0.780000000000000	5.08000000000000	25	25	0.104965000000000	0.660000000000000	0.0147650000000000	0.0127000000000000	0.0167000000000000	0.140000000000000	997.049279000000	1.22687800000000	0.000890000000000000	1.80000000000000e-05	12901.6110500000	4988.10035000000	783.930979000000
1.01000000000000	5.23000000000000	25	25	0.107836000000000	0.670000000000000	0.0147650000000000	0.0127000000000000	0.0167000000000000	0.140000000000000	997.050574000000	1.26044800000000	0.000890000000000000	1.80000000000000e-05	16705.9614600000	5275.78104100000	1013.61322000000
1.01000000000000	2.21000000000000	25	25	0.108961000000000	0.480000000000000	0.0147650000000000	0.0127000000000000	0.0167000000000000	0.140000000000000	997.051082000000	1.27360200000000	0.000890000000000000	1.80000000000000e-05	16705.9729100000	2252.59149700000	1009.83625200000
1.01000000000000	2.15000000000000	25	25	0.109048000000000	0.470000000000000	0.0147650000000000	0.0127000000000000	0.0167000000000000	0.140000000000000	997.051121000000	1.27461900000000	0.000890000000000000	1.80000000000000e-05	16705.9737900000	2193.18405400000	1009.76206300000
1.01000000000000	2.06000000000000	25	25	0.109132000000000	0.460000000000000	0.0147650000000000	0.0127000000000000	0.0167000000000000	0.140000000000000	997.051159000000	1.27560100000000	0.000890000000000000	1.80000000000000e-05	16705.9746500000	2102.99424400000	1009.64940900000
1.01000000000000	1.92000000000000	25	25	0.108934000000000	0.450000000000000	0.0147650000000000	0.0127000000000000	0.0167000000000000	0.140000000000000	997.051069000000	1.27328600000000	0.000890000000000000	1.80000000000000e-05	16705.9726300000	1956.51787200000	1009.46628900000
1.01000000000000	0.240000000000000	25	25	0.111862000000000	0.150000000000000	0.0147650000000000	0.0127000000000000	0.0167000000000000	0.140000000000000	997.052390000000	1.30752300000000	0.000890000000000000	1.80000000000000e-05	16706.0024300000	251.134967000000	1007.33672000000
1.01000000000000	5.55000000000000	25	25	0.105696000000000	0.670000000000000	0.0147650000000000	0.0127000000000000	0.0167000000000000	0.140000000000000	997.049609000000	1.23542500000000	0.000890000000000000	1.80000000000000e-05	16705.9396900000	5487.53186600000	1013.87671600000
1.01000000000000	2.32000000000000	25	25	0.106595000000000	0.480000000000000	0.0147650000000000	0.0127000000000000	0.0167000000000000	0.140000000000000	997.050014000000	1.24593700000000	0.000890000000000000	1.80000000000000e-05	16705.9488400000	2313.38847700000	1009.91108800000
1.01000000000000	2.26000000000000	25	25	0.106664000000000	0.470000000000000	0.0147650000000000	0.0127000000000000	0.0167000000000000	0.140000000000000	997.050045000000	1.24674400000000	0.000890000000000000	1.80000000000000e-05	16705.9495400000	2255.01751100000	1009.83818700000
1.01000000000000	2.15000000000000	25	25	0.106726000000000	0.460000000000000	0.0147650000000000	0.0127000000000000	0.0167000000000000	0.140000000000000	997.050073000000	1.24746900000000	0.000890000000000000	1.80000000000000e-05	16705.9501700000	2146.50638100000	1009.70263200000
1.01000000000000	0.250000000000000	25	25	0.108803000000000	0.150000000000000	0.0147650000000000	0.0127000000000000	0.0167000000000000	0.140000000000000	997.051010000000	1.27175400000000	0.000890000000000000	1.80000000000000e-05	16705.9713000000	254.448724000000	1007.33945900000
1.02000000000000	5.96000000000000	25	25	0.107834000000000	0.700000000000000	0.0147650000000000	0.0127000000000000	0.0167000000000000	0.140000000000000	997.050573000000	1.26042400000000	0.000890000000000000	1.80000000000000e-05	16871.3670000000	6012.05967800000	1024.50371200000
1.02000000000000	5.86000000000000	25	25	0.107864000000000	0.690000000000000	0.0147650000000000	0.0127000000000000	0.0167000000000000	0.140000000000000	997.050587000000	1.26077500000000	0.000890000000000000	1.80000000000000e-05	16871.3673100000	5912.82991200000	1024.37973900000
1.02000000000000	5.54000000000000	25	25	0.107875000000000	0.680000000000000	0.0147650000000000	0.0127000000000000	0.0167000000000000	0.140000000000000	997.050592000000	1.26090400000000	0.000890000000000000	1.80000000000000e-05	16871.3674200000	5590.51478800000	1023.97700900000
1.02000000000000	4.91000000000000	25	25	0.107968000000000	0.650000000000000	0.0147650000000000	0.0127000000000000	0.0167000000000000	0.140000000000000	997.050634000000	1.26199100000000	0.000890000000000000	1.80000000000000e-05	16871.3683800000	4959.03978500000	1023.18802200000
1.02000000000000	3.78000000000000	25	25	0.108252000000000	0.590000000000000	0.0147650000000000	0.0127000000000000	0.0167000000000000	0.140000000000000	997.050762000000	1.26531200000000	0.000890000000000000	1.80000000000000e-05	16871.3713000000	3827.79096300000	1021.77465500000
1.02000000000000	2.90000000000000	25	25	0.108548000000000	0.540000000000000	0.0147650000000000	0.0127000000000000	0.0167000000000000	0.140000000000000	997.050895000000	1.26877300000000	0.000890000000000000	1.80000000000000e-05	16871.3743400000	2944.69097000000	1020.67135400000
1.02000000000000	1.75000000000000	25	25	0.109134000000000	0.430000000000000	0.0147650000000000	0.0127000000000000	0.0167000000000000	0.140000000000000	997.051160000000	1.27562500000000	0.000890000000000000	1.80000000000000e-05	16871.3803600000	1786.55696100000	1019.22452600000
1.02000000000000	1.55000000000000	25	25	0.109403000000000	0.400000000000000	0.0147650000000000	0.0127000000000000	0.0167000000000000	0.140000000000000	997.051281000000	1.27877000000000	0.000890000000000000	1.80000000000000e-05	16871.3831200000	1586.27742800000	1018.97440000000
1.02000000000000	1.30000000000000	25	25	0.109774000000000	0.360000000000000	0.0147650000000000	0.0127000000000000	0.0167000000000000	0.140000000000000	997.051448000000	1.28310800000000	0.000890000000000000	1.80000000000000e-05	16871.3869400000	1334.93563200000	1018.66051800000
1.02000000000000	0.970000000000000	25	25	0.110356000000000	0.300000000000000	0.0147650000000000	0.0127000000000000	0.0167000000000000	0.140000000000000	997.051711000000	1.28991300000000	0.000890000000000000	1.80000000000000e-05	16871.3929200000	1001.34566100000	1018.24396100000
1.02000000000000	0.740000000000000	25	25	0.110749000000000	0.260000000000000	0.0147650000000000	0.0127000000000000	0.0167000000000000	0.140000000000000	997.051888000000	1.29450800000000	0.000890000000000000	1.80000000000000e-05	16871.3969500000	766.632266000000	1017.95086200000
1.02000000000000	0.640000000000000	25	25	0.110951000000000	0.240000000000000	0.0147650000000000	0.0127000000000000	0.0167000000000000	0.140000000000000	997.051979000000	1.29687000000000	0.000890000000000000	1.80000000000000e-05	16871.3990300000	664.242037000000	1017.82301600000
1.02000000000000	0.480000000000000	25	25	0.111367000000000	0.200000000000000	0.0147650000000000	0.0127000000000000	0.0167000000000000	0.140000000000000	997.052167000000	1.30173500000000	0.000890000000000000	1.80000000000000e-05	16871.4033000000	500.048466000000	1017.61804300000
1.02000000000000	0.480000000000000	25	25	0.111253000000000	0.210000000000000	0.0147650000000000	0.0127000000000000	0.0167000000000000	0.140000000000000	997.052115000000	1.30040200000000	0.000890000000000000	1.80000000000000e-05	16871.4021300000	499.536854000000	1017.61735100000
1.02000000000000	0.130000000000000	25	25	0.112316000000000	0.110000000000000	0.0147650000000000	0.0127000000000000	0.0167000000000000	0.140000000000000	997.052595000000	1.31283100000000	0.000890000000000000	1.80000000000000e-05	16871.4130600000	136.583252000000	1017.16431500000
1.02000000000000	0.0600000000000000	25	25	0.112879000000000	0.0600000000000000	0.0147650000000000	0.0127000000000000	0.0167000000000000	0.140000000000000	997.052849000000	1.31941400000000	0.000890000000000000	1.80000000000000e-05	16871.4188400000	63.3542510000000	1017.07307100000
1.02000000000000	0.0300000000000000	25	25	0.113340000000000	0.0200000000000000	0.0147650000000000	0.0127000000000000	0.0167000000000000	0.140000000000000	997.053057000000	1.32480500000000	0.000890000000000000	1.80000000000000e-05	16871.4235800000	31.8064290000000	1017.03386200000
1.02000000000000	6.33000000000000	25	25	0.105672000000000	0.700000000000000	0.0147650000000000	0.0127000000000000	0.0167000000000000	0.140000000000000	997.049598000000	1.23514500000000	0.000890000000000000	1.80000000000000e-05	16871.3447900000	6257.33209000000	1024.80905700000
1.02000000000000	6.20000000000000	25	25	0.105700000000000	0.690000000000000	0.0147650000000000	0.0127000000000000	0.0167000000000000	0.140000000000000	997.049610000000	1.23547200000000	0.000890000000000000	1.80000000000000e-05	16871.3450700000	6130.44766200000	1024.65053100000
1.02000000000000	5.88000000000000	25	25	0.105715000000000	0.680000000000000	0.0147650000000000	0.0127000000000000	0.0167000000000000	0.140000000000000	997.049617000000	1.23564800000000	0.000890000000000000	1.80000000000000e-05	16871.3452300000	5814.86214000000	1024.25621800000
1.02000000000000	5.20000000000000	25	25	0.105800000000000	0.650000000000000	0.0147650000000000	0.0127000000000000	0.0167000000000000	0.140000000000000	997.049656000000	1.23664200000000	0.000890000000000000	1.80000000000000e-05	16871.3461000000	5146.52784200000	1023.42118400000
1.02000000000000	3.99000000000000	25	25	0.106035000000000	0.590000000000000	0.0147650000000000	0.0127000000000000	0.0167000000000000	0.140000000000000	997.049762000000	1.23938900000000	0.000890000000000000	1.80000000000000e-05	16871.3485200000	3957.73752600000	1021.93592000000
1.02000000000000	3.05000000000000	25	25	0.106270000000000	0.540000000000000	0.0147650000000000	0.0127000000000000	0.0167000000000000	0.140000000000000	997.049868000000	1.24213700000000	0.000890000000000000	1.80000000000000e-05	16871.3509300000	3032.03988100000	1020.77938300000
1.02000000000000	2.01000000000000	25	25	0.106807000000000	0.450000000000000	0.0147650000000000	0.0127000000000000	0.0167000000000000	0.140000000000000	997.050110000000	1.24841600000000	0.000890000000000000	1.80000000000000e-05	16871.3564500000	2008.25615100000	1019.50042800000
1.02000000000000	1.82000000000000	25	25	0.106729000000000	0.430000000000000	0.0147650000000000	0.0127000000000000	0.0167000000000000	0.140000000000000	997.050075000000	1.24750400000000	0.000890000000000000	1.80000000000000e-05	16871.3556500000	1817.09366200000	1019.26153300000
1.02000000000000	1.62000000000000	25	25	0.106936000000000	0.400000000000000	0.0147650000000000	0.0127000000000000	0.0167000000000000	0.140000000000000	997.050168000000	1.24992400000000	0.000890000000000000	1.80000000000000e-05	16871.3577700000	1620.54847700000	1019.01604900000
1.02000000000000	1.35000000000000	25	25	0.107218000000000	0.360000000000000	0.0147650000000000	0.0127000000000000	0.0167000000000000	0.140000000000000	997.050295000000	1.25322100000000	0.000890000000000000	1.80000000000000e-05	16871.3606700000	1354.01661100000	1018.68315000000
1.02000000000000	1.02000000000000	25	25	0.107663000000000	0.300000000000000	0.0147650000000000	0.0127000000000000	0.0167000000000000	0.140000000000000	997.050496000000	1.25842500000000	0.000890000000000000	1.80000000000000e-05	16871.3652400000	1027.27872500000	1018.27509900000
1.02000000000000	0.770000000000000	25	25	0.107960000000000	0.260000000000000	0.0147650000000000	0.0127000000000000	0.0167000000000000	0.140000000000000	997.050630000000	1.26189700000000	0.000890000000000000	1.80000000000000e-05	16871.3683000000	777.632961000000	1017.96330400000
1.02000000000000	0.670000000000000	25	25	0.108114000000000	0.240000000000000	0.0147650000000000	0.0127000000000000	0.0167000000000000	0.140000000000000	997.050699000000	1.26369800000000	0.000890000000000000	1.80000000000000e-05	16871.3698800000	677.606392000000	1017.83839100000
1.02000000000000	0.500000000000000	25	25	0.108428000000000	0.200000000000000	0.0147650000000000	0.0127000000000000	0.0167000000000000	0.140000000000000	997.050841000000	1.26737000000000	0.000890000000000000	1.80000000000000e-05	16871.3731100000	507.144347000000	1017.62554300000
1.02000000000000	0.500000000000000	25	25	0.108342000000000	0.210000000000000	0.0147650000000000	0.0127000000000000	0.0167000000000000	0.140000000000000	997.050802000000	1.26636400000000	0.000890000000000000	1.80000000000000e-05	16871.3722200000	506.742301000000	1017.62500000000
1.02000000000000	0.0700000000000000	25	25	0.109571000000000	0.0600000000000000	0.0147650000000000	0.0127000000000000	0.0167000000000000	0.140000000000000	997.051357000000	1.28073400000000	0.000890000000000000	1.80000000000000e-05	16871.3848500000	71.7482890000000	1017.08203500000
1.03000000000000	4.30000000000000	25	25	0.108071000000000	0.630000000000000	0.0147650000000000	0.0127000000000000	0.0167000000000000	0.140000000000000	997.050680000000	1.26319500000000	0.000890000000000000	1.80000000000000e-05	17036.7750200000	4347.08834600000	1032.39394000000
1.03000000000000	1.21000000000000	25	25	0.109569000000000	0.380000000000000	0.0147650000000000	0.0127000000000000	0.0167000000000000	0.140000000000000	997.051356000000	1.28071100000000	0.000890000000000000	1.80000000000000e-05	17036.7905600000	1240.19779800000	1028.51255700000
1.03000000000000	1.27000000000000	25	25	0.107062000000000	0.380000000000000	0.0147650000000000	0.0127000000000000	0.0167000000000000	0.140000000000000	997.050225000000	1.25139700000000	0.000890000000000000	1.80000000000000e-05	17036.7645500000	1271.92616800000	1028.55100600000
1.04000000000000	4.55000000000000	25	25	0.105915000000000	0.630000000000000	0.0147650000000000	0.0127000000000000	0.0167000000000000	0.140000000000000	997.049707000000	1.23798600000000	0.000890000000000000	1.80000000000000e-05	17202.1580100000	4508.10430600000	1042.56453300000
0	0.0600000000000000	25	25	0.100000000000000	0.140000000000000	0.0147650000000000	0.0127000000000000	0.0167000000000000	0.140000000000000	997.047039000000	1.16882600000000	0.000890000000000000	1.80000000000000e-05	0	56.1290870000000	0.0701300000000000
0	0.0700000000000000	25	25	0.100000000000000	0.140000000000000	0.0147650000000000	0.0127000000000000	0.0167000000000000	0.140000000000000	997.047039000000	1.16882600000000	0.000890000000000000	1.80000000000000e-05	0	65.4839350000000	0.0818180000000000
0	0.0900000000000000	25	25	0.100000000000000	0.160000000000000	0.0147650000000000	0.0127000000000000	0.0167000000000000	0.140000000000000	997.047039000000	1.16882600000000	0.000890000000000000	1.80000000000000e-05	0	84.1936310000000	0.105194000000000
0	0.110000000000000	25	25	0.100000000000000	0.160000000000000	0.0147650000000000	0.0127000000000000	0.0167000000000000	0.140000000000000	997.047039000000	1.16882600000000	0.000890000000000000	1.80000000000000e-05	0	102.903326000000	0.128571000000000
0	0.120000000000000	25	25	0.100000000000000	0.170000000000000	0.0147650000000000	0.0127000000000000	0.0167000000000000	0.140000000000000	997.047039000000	1.16882600000000	0.000890000000000000	1.80000000000000e-05	0	112.258174000000	0.140259000000000
0	0.120000000000000	25	25	0.100000000000000	0.250000000000000	0.0147650000000000	0.0127000000000000	0.0167000000000000	0.140000000000000	997.047039000000	1.16882600000000	0.000890000000000000	1.80000000000000e-05	0	112.258174000000	0.140259000000000
0	0.140000000000000	25	25	0.100000000000000	0.160000000000000	0.0147650000000000	0.0127000000000000	0.0167000000000000	0.140000000000000	997.047039000000	1.16882600000000	0.000890000000000000	1.80000000000000e-05	0	130.967870000000	0.163636000000000
0	0.140000000000000	25	25	0.100000000000000	0.200000000000000	0.0147650000000000	0.0127000000000000	0.0167000000000000	0.140000000000000	997.047039000000	1.16882600000000	0.000890000000000000	1.80000000000000e-05	0	130.967870000000	0.163636000000000
0	0.150000000000000	25	25	0.100000000000000	0.180000000000000	0.0147650000000000	0.0127000000000000	0.0167000000000000	0.140000000000000	997.047039000000	1.16882600000000	0.000890000000000000	1.80000000000000e-05	0	140.322718000000	0.175324000000000
0	0.150000000000000	25	25	0.100000000000000	0.190000000000000	0.0147650000000000	0.0127000000000000	0.0167000000000000	0.140000000000000	997.047039000000	1.16882600000000	0.000890000000000000	1.80000000000000e-05	0	140.322718000000	0.175324000000000
0	0.230000000000000	25	25	0.100000000000000	0.200000000000000	0.0147650000000000	0.0127000000000000	0.0167000000000000	0.140000000000000	997.047039000000	1.16882600000000	0.000890000000000000	1.80000000000000e-05	0	215.161500000000	0.268830000000000
0	0.230000000000000	25	25	0.100000000000000	0.200000000000000	0.0147650000000000	0.0127000000000000	0.0167000000000000	0.140000000000000	997.047039000000	1.16882600000000	0.000890000000000000	1.80000000000000e-05	0	215.161500000000	0.268830000000000
0	0.240000000000000	25	25	0.100000000000000	0.220000000000000	0.0147650000000000	0.0127000000000000	0.0167000000000000	0.140000000000000	997.047039000000	1.16882600000000	0.000890000000000000	1.80000000000000e-05	0	224.516348000000	0.280518000000000
0	0.310000000000000	25	25	0.100000000000000	0.230000000000000	0.0147650000000000	0.0127000000000000	0.0167000000000000	0.140000000000000	997.047039000000	1.16882600000000	0.000890000000000000	1.80000000000000e-05	0	290.000283000000	0.362336000000000
0	0.330000000000000	25	25	0.100000000000000	0.260000000000000	0.0147650000000000	0.0127000000000000	0.0167000000000000	0.140000000000000	997.047039000000	1.16882600000000	0.000890000000000000	1.80000000000000e-05	0	308.709979000000	0.385713000000000
0	0.400000000000000	25	25	0.100000000000000	0.270000000000000	0.0147650000000000	0.0127000000000000	0.0167000000000000	0.140000000000000	997.047039000000	1.16882600000000	0.000890000000000000	1.80000000000000e-05	0	374.193914000000	0.467531000000000
0	0.480000000000000	25	25	0.100000000000000	0.320000000000000	0.0147650000000000	0.0127000000000000	0.0167000000000000	0.140000000000000	997.047039000000	1.16882600000000	0.000890000000000000	1.80000000000000e-05	0	449.032697000000	0.561037000000000
0	0.490000000000000	25	25	0.100000000000000	0.310000000000000	0.0147650000000000	0.0127000000000000	0.0167000000000000	0.140000000000000	997.047039000000	1.16882600000000	0.000890000000000000	1.80000000000000e-05	0	458.387544000000	0.572725000000000
0	0.530000000000000	25	25	0.100000000000000	0.330000000000000	0.0147650000000000	0.0127000000000000	0.0167000000000000	0.140000000000000	997.047039000000	1.16882600000000	0.000890000000000000	1.80000000000000e-05	0	495.806936000000	0.619478000000000
0	0.580000000000000	25	25	0.100000000000000	0.350000000000000	0.0147650000000000	0.0127000000000000	0.0167000000000000	0.140000000000000	997.047039000000	1.16882600000000	0.000890000000000000	1.80000000000000e-05	0	542.581175000000	0.677919000000000
0	0.640000000000000	25	25	0.100000000000000	0.350000000000000	0.0147650000000000	0.0127000000000000	0.0167000000000000	0.140000000000000	997.047039000000	1.16882600000000	0.000890000000000000	1.80000000000000e-05	0	598.710262000000	0.748049000000000
0	0.650000000000000	25	25	0.100000000000000	0.370000000000000	0.0147650000000000	0.0127000000000000	0.0167000000000000	0.140000000000000	997.047039000000	1.16882600000000	0.000890000000000000	1.80000000000000e-05	0	608.065110000000	0.759737000000000
0	0.690000000000000	25	25	0.100000000000000	0.370000000000000	0.0147650000000000	0.0127000000000000	0.0167000000000000	0.140000000000000	997.047039000000	1.16882600000000	0.000890000000000000	1.80000000000000e-05	0	645.484501000000	0.806490000000000
0	0.780000000000000	25	25	0.100000000000000	0.400000000000000	0.0147650000000000	0.0127000000000000	0.0167000000000000	0.140000000000000	997.047039000000	1.16882600000000	0.000890000000000000	1.80000000000000e-05	0	729.678132000000	0.911685000000000
0	0.790000000000000	25	25	0.100000000000000	0.410000000000000	0.0147650000000000	0.0127000000000000	0.0167000000000000	0.140000000000000	997.047039000000	1.16882600000000	0.000890000000000000	1.80000000000000e-05	0	739.032980000000	0.923373000000000
0	0.800000000000000	25	25	0.100000000000000	0.420000000000000	0.0147650000000000	0.0127000000000000	0.0167000000000000	0.140000000000000	997.047039000000	1.16882600000000	0.000890000000000000	1.80000000000000e-05	0	748.387828000000	0.935061000000000
0	0.960000000000000	25	25	0.100000000000000	0.460000000000000	0.0147650000000000	0.0127000000000000	0.0167000000000000	0.140000000000000	997.047039000000	1.16882600000000	0.000890000000000000	1.80000000000000e-05	0	898.065393000000	1.12207300000000
0	1.23000000000000	25	25	0.100000000000000	0.500000000000000	0.0147650000000000	0.0127000000000000	0.0167000000000000	0.140000000000000	997.047039000000	1.16882600000000	0.000890000000000000	1.80000000000000e-05	0	1150.64628500000	1.43765700000000
0	1.27000000000000	25	25	0.100000000000000	0.510000000000000	0.0147650000000000	0.0127000000000000	0.0167000000000000	0.140000000000000	997.047039000000	1.16882600000000	0.000890000000000000	1.80000000000000e-05	0	1188.06567600000	1.48441000000000
0	1.34000000000000	25	25	0.100000000000000	0.520000000000000	0.0147650000000000	0.0127000000000000	0.0167000000000000	0.140000000000000	997.047039000000	1.16882600000000	0.000890000000000000	1.80000000000000e-05	0	1253.54961100000	1.56622700000000
0	1.61000000000000	25	25	0.100000000000000	0.550000000000000	0.0147650000000000	0.0127000000000000	0.0167000000000000	0.140000000000000	997.047039000000	1.16882600000000	0.000890000000000000	1.80000000000000e-05	0	1506.13050300000	1.88181100000000
0	1.70000000000000	25	25	0.100000000000000	0.560000000000000	0.0147650000000000	0.0127000000000000	0.0167000000000000	0.140000000000000	997.047039000000	1.16882600000000	0.000890000000000000	1.80000000000000e-05	0	1590.32413400000	1.98700500000000
0	1.83000000000000	25	25	0.100000000000000	0.580000000000000	0.0147650000000000	0.0127000000000000	0.0167000000000000	0.140000000000000	997.047039000000	1.16882600000000	0.000890000000000000	1.80000000000000e-05	0	1711.93715600000	2.13895200000000
0	2.02000000000000	25	25	0.100000000000000	0.600000000000000	0.0147650000000000	0.0127000000000000	0.0167000000000000	0.140000000000000	997.047039000000	1.16882600000000	0.000890000000000000	1.80000000000000e-05	0	1889.67926500000	2.36102900000000
0	2.04000000000000	25	25	0.100000000000000	0.610000000000000	0.0147650000000000	0.0127000000000000	0.0167000000000000	0.140000000000000	997.047039000000	1.16882600000000	0.000890000000000000	1.80000000000000e-05	0	1908.38896100000	2.38440600000000
0	2.20000000000000	25	25	0.100000000000000	0.620000000000000	0.0147650000000000	0.0127000000000000	0.0167000000000000	0.140000000000000	997.047039000000	1.16882600000000	0.000890000000000000	1.80000000000000e-05	0	2058.06652600000	2.57141800000000
0	2.28000000000000	25	25	0.100000000000000	0.610000000000000	0.0147650000000000	0.0127000000000000	0.0167000000000000	0.140000000000000	997.047039000000	1.16882600000000	0.000890000000000000	1.80000000000000e-05	0	2132.90530900000	2.66492400000000
0	2.33000000000000	25	25	0.100000000000000	0.630000000000000	0.0147650000000000	0.0127000000000000	0.0167000000000000	0.140000000000000	997.047039000000	1.16882600000000	0.000890000000000000	1.80000000000000e-05	0	2179.67954800000	2.72336600000000
0	2.42000000000000	25	25	0.100000000000000	0.640000000000000	0.0147650000000000	0.0127000000000000	0.0167000000000000	0.140000000000000	997.047039000000	1.16882600000000	0.000890000000000000	1.80000000000000e-05	0	2263.87317900000	2.82856000000000
0	2.54000000000000	25	25	0.100000000000000	0.630000000000000	0.0147650000000000	0.0127000000000000	0.0167000000000000	0.140000000000000	997.047039000000	1.16882600000000	0.000890000000000000	1.80000000000000e-05	0	2376.13135300000	2.96881900000000
0	2.56000000000000	25	25	0.100000000000000	0.650000000000000	0.0147650000000000	0.0127000000000000	0.0167000000000000	0.140000000000000	997.047039000000	1.16882600000000	0.000890000000000000	1.80000000000000e-05	0	2394.84104900000	2.99219600000000
0	2.57000000000000	25	25	0.100000000000000	0.640000000000000	0.0147650000000000	0.0127000000000000	0.0167000000000000	0.140000000000000	997.047039000000	1.16882600000000	0.000890000000000000	1.80000000000000e-05	0	2404.19589600000	3.00388400000000
0	2.63000000000000	25	25	0.100000000000000	0.660000000000000	0.0147650000000000	0.0127000000000000	0.0167000000000000	0.140000000000000	997.047039000000	1.16882600000000	0.000890000000000000	1.80000000000000e-05	0	2460.32498300000	3.07401400000000
0	2.75000000000000	25	25	0.100000000000000	0.670000000000000	0.0147650000000000	0.0127000000000000	0.0167000000000000	0.140000000000000	997.047039000000	1.16882600000000	0.000890000000000000	1.80000000000000e-05	0	2572.58315800000	3.21427300000000
0	3.55000000000000	25	25	0.100000000000000	0.700000000000000	0.0147650000000000	0.0127000000000000	0.0167000000000000	0.140000000000000	997.047039000000	1.16882600000000	0.000890000000000000	1.80000000000000e-05	0	3320.97098500000	4.14933400000000
0	4.22000000000000	25	25	0.100000000000000	0.720000000000000	0.0147650000000000	0.0127000000000000	0.0167000000000000	0.140000000000000	997.047039000000	1.16882600000000	0.000890000000000000	1.80000000000000e-05	0	3947.74579100000	4.93244800000000
0	4.40000000000000	25	25	0.100000000000000	0.720000000000000	0.0147650000000000	0.0127000000000000	0.0167000000000000	0.140000000000000	997.047039000000	1.16882600000000	0.000890000000000000	1.80000000000000e-05	0	4116.13305200000	5.14283700000000
0	4.68000000000000	25	25	0.100000000000000	0.760000000000000	0.0147650000000000	0.0127000000000000	0.0167000000000000	0.140000000000000	997.047039000000	1.16882600000000	0.000890000000000000	1.80000000000000e-05	0	4378.06879200000	5.47010800000000
0	4.79000000000000	25	25	0.100000000000000	0.740000000000000	0.0147650000000000	0.0127000000000000	0.0167000000000000	0.140000000000000	997.047039000000	1.16882600000000	0.000890000000000000	1.80000000000000e-05	0	4480.97211800000	5.59867900000000
0	5.60000000000000	25	25	0.100000000000000	0.790000000000000	0.0147650000000000	0.0127000000000000	0.0167000000000000	0.140000000000000	997.047039000000	1.16882600000000	0.000890000000000000	1.80000000000000e-05	0	5238.71479400000	6.54542800000000
0	5.70000000000000	25	25	0.100000000000000	0.800000000000000	0.0147650000000000	0.0127000000000000	0.0167000000000000	0.140000000000000	997.047039000000	1.16882600000000	0.000890000000000000	1.80000000000000e-05	0	5332.26327200000	6.66231100000000
0	6.13000000000000	25	25	0.100000000000000	0.800000000000000	0.0147650000000000	0.0127000000000000	0.0167000000000000	0.140000000000000	997.047039000000	1.16882600000000	0.000890000000000000	1.80000000000000e-05	0	5734.52173000000	7.16490600000000
0	6.41000000000000	25	25	0.100000000000000	0.800000000000000	0.0147650000000000	0.0127000000000000	0.0167000000000000	0.140000000000000	997.047039000000	1.16882600000000	0.000890000000000000	1.80000000000000e-05	0	5996.45746900000	7.49217800000000
0	6.76000000000000	25	25	0.100000000000000	0.830000000000000	0.0147650000000000	0.0127000000000000	0.0167000000000000	0.140000000000000	997.047039000000	1.16882600000000	0.000890000000000000	1.80000000000000e-05	0	6323.87714400000	7.90126700000000
0	7.25000000000000	25	25	0.100000000000000	0.850000000000000	0.0147650000000000	0.0127000000000000	0.0167000000000000	0.140000000000000	997.047039000000	1.16882600000000	0.000890000000000000	1.80000000000000e-05	0	6782.26468800000	8.47399200000000
0	7.44000000000000	25	25	0.100000000000000	0.840000000000000	0.0147650000000000	0.0127000000000000	0.0167000000000000	0.140000000000000	997.047039000000	1.16882600000000	0.000890000000000000	1.80000000000000e-05	0	6960.00679700000	8.69606900000000
0	7.66000000000000	25	25	0.100000000000000	0.870000000000000	0.0147650000000000	0.0127000000000000	0.0167000000000000	0.140000000000000	997.047039000000	1.16882600000000	0.000890000000000000	1.80000000000000e-05	0	7165.81345000000	8.95321100000000
0	8.14000000000000	25	25	0.100000000000000	0.860000000000000	0.0147650000000000	0.0127000000000000	0.0167000000000000	0.140000000000000	997.047039000000	1.16882600000000	0.000890000000000000	1.80000000000000e-05	0	7614.84614700000	9.51424800000000
0	8.18000000000000	25	25	0.100000000000000	0.880000000000000	0.0147650000000000	0.0127000000000000	0.0167000000000000	0.140000000000000	997.047039000000	1.16882600000000	0.000890000000000000	1.80000000000000e-05	0	7652.26553800000	9.56100100000000
0	8.43000000000000	25	25	0.100000000000000	0.890000000000000	0.0147650000000000	0.0127000000000000	0.0167000000000000	0.140000000000000	997.047039000000	1.16882600000000	0.000890000000000000	1.80000000000000e-05	0	7886.13673400000	9.85320700000000
0	8.58000000000000	25	25	0.100000000000000	0.870000000000000	0.0147650000000000	0.0127000000000000	0.0167000000000000	0.140000000000000	997.047039000000	1.16882600000000	0.000890000000000000	1.80000000000000e-05	0	8026.45945200000	10.0285310000000
0	9.05000000000000	25	25	0.100000000000000	0.900000000000000	0.0147650000000000	0.0127000000000000	0.0167000000000000	0.140000000000000	997.047039000000	1.16882600000000	0.000890000000000000	1.80000000000000e-05	0	8466.13730100000	10.5778800000000
0	9.21000000000000	25	25	0.100000000000000	0.910000000000000	0.0147650000000000	0.0127000000000000	0.0167000000000000	0.140000000000000	997.047039000000	1.16882600000000	0.000890000000000000	1.80000000000000e-05	0	8615.81486600000	10.7648920000000
0	9.80000000000000	25	25	0.100000000000000	0.910000000000000	0.0147650000000000	0.0127000000000000	0.0167000000000000	0.140000000000000	997.047039000000	1.16882600000000	0.000890000000000000	1.80000000000000e-05	0	9167.75088900000	11.4544990000000
0	10.1900000000000	25	25	0.100000000000000	0.930000000000000	0.0147650000000000	0.0127000000000000	0.0167000000000000	0.140000000000000	997.047039000000	1.16882600000000	0.000890000000000000	1.80000000000000e-05	0	9532.58995500000	11.9103420000000
0	10.2500000000000	25	25	0.100000000000000	0.930000000000000	0.0147650000000000	0.0127000000000000	0.0167000000000000	0.140000000000000	997.047039000000	1.16882600000000	0.000890000000000000	1.80000000000000e-05	0	9588.71904200000	11.9804710000000
0	0.0600000000000000	25	25	0.100000000000000	0.130000000000000	0.0147650000000000	0.0127000000000000	0.0167000000000000	0.140000000000000	997.047039000000	1.16882600000000	0.000890000000000000	1.80000000000000e-05	0	56.1290870000000	0.0701300000000000
0	0.0800000000000000	25	25	0.100000000000000	0.140000000000000	0.0147650000000000	0.0127000000000000	0.0167000000000000	0.140000000000000	997.047039000000	1.16882600000000	0.000890000000000000	1.80000000000000e-05	0	74.8387830000000	0.0935060000000000
0	0.0900000000000000	25	25	0.100000000000000	0.220000000000000	0.0147650000000000	0.0127000000000000	0.0167000000000000	0.140000000000000	997.047039000000	1.16882600000000	0.000890000000000000	1.80000000000000e-05	0	84.1936310000000	0.105194000000000
0	0.100000000000000	25	25	0.100000000000000	0.160000000000000	0.0147650000000000	0.0127000000000000	0.0167000000000000	0.140000000000000	997.047039000000	1.16882600000000	0.000890000000000000	1.80000000000000e-05	0	93.5484780000000	0.116883000000000
0	0.110000000000000	25	25	0.100000000000000	0.160000000000000	0.0147650000000000	0.0127000000000000	0.0167000000000000	0.140000000000000	997.047039000000	1.16882600000000	0.000890000000000000	1.80000000000000e-05	0	102.903326000000	0.128571000000000
0	0.130000000000000	25	25	0.100000000000000	0.170000000000000	0.0147650000000000	0.0127000000000000	0.0167000000000000	0.140000000000000	997.047039000000	1.16882600000000	0.000890000000000000	1.80000000000000e-05	0	121.613022000000	0.151947000000000
0	0.130000000000000	25	25	0.100000000000000	0.240000000000000	0.0147650000000000	0.0127000000000000	0.0167000000000000	0.140000000000000	997.047039000000	1.16882600000000	0.000890000000000000	1.80000000000000e-05	0	121.613022000000	0.151947000000000
0	0.140000000000000	25	25	0.100000000000000	0.170000000000000	0.0147650000000000	0.0127000000000000	0.0167000000000000	0.140000000000000	997.047039000000	1.16882600000000	0.000890000000000000	1.80000000000000e-05	0	130.967870000000	0.163636000000000
0	0.140000000000000	25	25	0.100000000000000	0.200000000000000	0.0147650000000000	0.0127000000000000	0.0167000000000000	0.140000000000000	997.047039000000	1.16882600000000	0.000890000000000000	1.80000000000000e-05	0	130.967870000000	0.163636000000000
0	0.160000000000000	25	25	0.100000000000000	0.180000000000000	0.0147650000000000	0.0127000000000000	0.0167000000000000	0.140000000000000	997.047039000000	1.16882600000000	0.000890000000000000	1.80000000000000e-05	0	149.677566000000	0.187012000000000
0	0.160000000000000	25	25	0.100000000000000	0.190000000000000	0.0147650000000000	0.0127000000000000	0.0167000000000000	0.140000000000000	997.047039000000	1.16882600000000	0.000890000000000000	1.80000000000000e-05	0	149.677566000000	0.187012000000000
0	0.240000000000000	25	25	0.100000000000000	0.210000000000000	0.0147650000000000	0.0127000000000000	0.0167000000000000	0.140000000000000	997.047039000000	1.16882600000000	0.000890000000000000	1.80000000000000e-05	0	224.516348000000	0.280518000000000
0	0.250000000000000	25	25	0.100000000000000	0.230000000000000	0.0147650000000000	0.0127000000000000	0.0167000000000000	0.140000000000000	997.047039000000	1.16882600000000	0.000890000000000000	1.80000000000000e-05	0	233.871196000000	0.292207000000000
0	0.320000000000000	25	25	0.100000000000000	0.250000000000000	0.0147650000000000	0.0127000000000000	0.0167000000000000	0.140000000000000	997.047039000000	1.16882600000000	0.000890000000000000	1.80000000000000e-05	0	299.355131000000	0.374024000000000
0	0.340000000000000	25	25	0.100000000000000	0.260000000000000	0.0147650000000000	0.0127000000000000	0.0167000000000000	0.140000000000000	997.047039000000	1.16882600000000	0.000890000000000000	1.80000000000000e-05	0	318.064827000000	0.397401000000000
0	0.410000000000000	25	25	0.100000000000000	0.270000000000000	0.0147650000000000	0.0127000000000000	0.0167000000000000	0.140000000000000	997.047039000000	1.16882600000000	0.000890000000000000	1.80000000000000e-05	0	383.548762000000	0.479219000000000
0	0.490000000000000	25	25	0.100000000000000	0.330000000000000	0.0147650000000000	0.0127000000000000	0.0167000000000000	0.140000000000000	997.047039000000	1.16882600000000	0.000890000000000000	1.80000000000000e-05	0	458.387544000000	0.572725000000000
0	0.500000000000000	25	25	0.100000000000000	0.320000000000000	0.0147650000000000	0.0127000000000000	0.0167000000000000	0.140000000000000	997.047039000000	1.16882600000000	0.000890000000000000	1.80000000000000e-05	0	467.742392000000	0.584413000000000
0	0.540000000000000	25	25	0.100000000000000	0.330000000000000	0.0147650000000000	0.0127000000000000	0.0167000000000000	0.140000000000000	997.047039000000	1.16882600000000	0.000890000000000000	1.80000000000000e-05	0	505.161784000000	0.631166000000000
0	0.590000000000000	25	25	0.100000000000000	0.340000000000000	0.0147650000000000	0.0127000000000000	0.0167000000000000	0.140000000000000	997.047039000000	1.16882600000000	0.000890000000000000	1.80000000000000e-05	0	551.936023000000	0.689608000000000
0	0.650000000000000	25	25	0.100000000000000	0.360000000000000	0.0147650000000000	0.0127000000000000	0.0167000000000000	0.140000000000000	997.047039000000	1.16882600000000	0.000890000000000000	1.80000000000000e-05	0	608.065110000000	0.759737000000000
0	0.670000000000000	25	25	0.100000000000000	0.370000000000000	0.0147650000000000	0.0127000000000000	0.0167000000000000	0.140000000000000	997.047039000000	1.16882600000000	0.000890000000000000	1.80000000000000e-05	0	626.774806000000	0.783114000000000
0	0.710000000000000	25	25	0.100000000000000	0.360000000000000	0.0147650000000000	0.0127000000000000	0.0167000000000000	0.140000000000000	997.047039000000	1.16882600000000	0.000890000000000000	1.80000000000000e-05	0	664.194197000000	0.829867000000000
0	0.790000000000000	25	25	0.100000000000000	0.400000000000000	0.0147650000000000	0.0127000000000000	0.0167000000000000	0.140000000000000	997.047039000000	1.16882600000000	0.000890000000000000	1.80000000000000e-05	0	739.032980000000	0.923373000000000
0	0.800000000000000	25	25	0.100000000000000	0.400000000000000	0.0147650000000000	0.0127000000000000	0.0167000000000000	0.140000000000000	997.047039000000	1.16882600000000	0.000890000000000000	1.80000000000000e-05	0	748.387828000000	0.935061000000000
0	0.810000000000000	25	25	0.100000000000000	0.410000000000000	0.0147650000000000	0.0127000000000000	0.0167000000000000	0.140000000000000	997.047039000000	1.16882600000000	0.000890000000000000	1.80000000000000e-05	0	757.742676000000	0.946749000000000
0	0.980000000000000	25	25	0.100000000000000	0.460000000000000	0.0147650000000000	0.0127000000000000	0.0167000000000000	0.140000000000000	997.047039000000	1.16882600000000	0.000890000000000000	1.80000000000000e-05	0	916.775089000000	1.14545000000000
0	1.25000000000000	25	25	0.100000000000000	0.500000000000000	0.0147650000000000	0.0127000000000000	0.0167000000000000	0.140000000000000	997.047039000000	1.16882600000000	0.000890000000000000	1.80000000000000e-05	0	1169.35598100000	1.46103300000000
0	1.29000000000000	25	25	0.100000000000000	0.480000000000000	0.0147650000000000	0.0127000000000000	0.0167000000000000	0.140000000000000	997.047039000000	1.16882600000000	0.000890000000000000	1.80000000000000e-05	0	1206.77537200000	1.50778600000000
0	1.36000000000000	25	25	0.100000000000000	0.500000000000000	0.0147650000000000	0.0127000000000000	0.0167000000000000	0.140000000000000	997.047039000000	1.16882600000000	0.000890000000000000	1.80000000000000e-05	0	1272.25930700000	1.58960400000000
0	1.64000000000000	25	25	0.100000000000000	0.550000000000000	0.0147650000000000	0.0127000000000000	0.0167000000000000	0.140000000000000	997.047039000000	1.16882600000000	0.000890000000000000	1.80000000000000e-05	0	1534.19504700000	1.91687500000000
0	1.73000000000000	25	25	0.100000000000000	0.570000000000000	0.0147650000000000	0.0127000000000000	0.0167000000000000	0.140000000000000	997.047039000000	1.16882600000000	0.000890000000000000	1.80000000000000e-05	0	1618.38867700000	2.02207000000000
0	1.86000000000000	25	25	0.100000000000000	0.590000000000000	0.0147650000000000	0.0127000000000000	0.0167000000000000	0.140000000000000	997.047039000000	1.16882600000000	0.000890000000000000	1.80000000000000e-05	0	1740.00169900000	2.17401700000000
0	2.05000000000000	25	25	0.100000000000000	0.610000000000000	0.0147650000000000	0.0127000000000000	0.0167000000000000	0.140000000000000	997.047039000000	1.16882600000000	0.000890000000000000	1.80000000000000e-05	0	1917.74380800000	2.39609400000000
0	2.07000000000000	25	25	0.100000000000000	0.580000000000000	0.0147650000000000	0.0127000000000000	0.0167000000000000	0.140000000000000	997.047039000000	1.16882600000000	0.000890000000000000	1.80000000000000e-05	0	1936.45350400000	2.41947100000000
0	2.24000000000000	25	25	0.100000000000000	0.610000000000000	0.0147650000000000	0.0127000000000000	0.0167000000000000	0.140000000000000	997.047039000000	1.16882600000000	0.000890000000000000	1.80000000000000e-05	0	2095.48591700000	2.61817100000000
0	2.31000000000000	25	25	0.100000000000000	0.610000000000000	0.0147650000000000	0.0127000000000000	0.0167000000000000	0.140000000000000	997.047039000000	1.16882600000000	0.000890000000000000	1.80000000000000e-05	0	2160.96985200000	2.69998900000000
0	2.37000000000000	25	25	0.100000000000000	0.620000000000000	0.0147650000000000	0.0127000000000000	0.0167000000000000	0.140000000000000	997.047039000000	1.16882600000000	0.000890000000000000	1.80000000000000e-05	0	2217.09893900000	2.77011900000000
0	2.46000000000000	25	25	0.100000000000000	0.640000000000000	0.0147650000000000	0.0127000000000000	0.0167000000000000	0.140000000000000	997.047039000000	1.16882600000000	0.000890000000000000	1.80000000000000e-05	0	2301.29257000000	2.87531300000000
0	2.58000000000000	25	25	0.100000000000000	0.630000000000000	0.0147650000000000	0.0127000000000000	0.0167000000000000	0.140000000000000	997.047039000000	1.16882600000000	0.000890000000000000	1.80000000000000e-05	0	2413.55074400000	3.01557200000000
0	2.60000000000000	25	25	0.100000000000000	0.640000000000000	0.0147650000000000	0.0127000000000000	0.0167000000000000	0.140000000000000	997.047039000000	1.16882600000000	0.000890000000000000	1.80000000000000e-05	0	2432.26044000000	3.03894900000000
0	2.61000000000000	25	25	0.100000000000000	0.640000000000000	0.0147650000000000	0.0127000000000000	0.0167000000000000	0.140000000000000	997.047039000000	1.16882600000000	0.000890000000000000	1.80000000000000e-05	0	2441.61528800000	3.05063700000000
0	2.67000000000000	25	25	0.100000000000000	0.650000000000000	0.0147650000000000	0.0127000000000000	0.0167000000000000	0.140000000000000	997.047039000000	1.16882600000000	0.000890000000000000	1.80000000000000e-05	0	2497.74437500000	3.12076700000000
0	2.79000000000000	25	25	0.100000000000000	0.660000000000000	0.0147650000000000	0.0127000000000000	0.0167000000000000	0.140000000000000	997.047039000000	1.16882600000000	0.000890000000000000	1.80000000000000e-05	0	2610.00254900000	3.26102600000000
0	3.59000000000000	25	25	0.100000000000000	0.700000000000000	0.0147650000000000	0.0127000000000000	0.0167000000000000	0.140000000000000	997.047039000000	1.16882600000000	0.000890000000000000	1.80000000000000e-05	0	3358.39037700000	4.19608700000000
0	4.28000000000000	25	25	0.100000000000000	0.720000000000000	0.0147650000000000	0.0127000000000000	0.0167000000000000	0.140000000000000	997.047039000000	1.16882600000000	0.000890000000000000	1.80000000000000e-05	0	4003.87487800000	5.00257700000000
0	4.45000000000000	25	25	0.100000000000000	0.720000000000000	0.0147650000000000	0.0127000000000000	0.0167000000000000	0.140000000000000	997.047039000000	1.16882600000000	0.000890000000000000	1.80000000000000e-05	0	4162.90729100000	5.20127800000000
0	4.73000000000000	25	25	0.100000000000000	0.760000000000000	0.0147650000000000	0.0127000000000000	0.0167000000000000	0.140000000000000	997.047039000000	1.16882600000000	0.000890000000000000	1.80000000000000e-05	0	4424.84303100000	5.52854900000000
0	4.84000000000000	25	25	0.100000000000000	0.740000000000000	0.0147650000000000	0.0127000000000000	0.0167000000000000	0.140000000000000	997.047039000000	1.16882600000000	0.000890000000000000	1.80000000000000e-05	0	4527.74635700000	5.65712000000000
0	5.66000000000000	25	25	0.100000000000000	0.770000000000000	0.0147650000000000	0.0127000000000000	0.0167000000000000	0.140000000000000	997.047039000000	1.16882600000000	0.000890000000000000	1.80000000000000e-05	0	5294.84388100000	6.61555800000000
0	5.75000000000000	25	25	0.100000000000000	0.800000000000000	0.0147650000000000	0.0127000000000000	0.0167000000000000	0.140000000000000	997.047039000000	1.16882600000000	0.000890000000000000	1.80000000000000e-05	0	5379.03751100000	6.72075200000000
0	6.20000000000000	25	25	0.100000000000000	0.790000000000000	0.0147650000000000	0.0127000000000000	0.0167000000000000	0.140000000000000	997.047039000000	1.16882600000000	0.000890000000000000	1.80000000000000e-05	0	5800.00566400000	7.24672400000000
0	6.46000000000000	25	25	0.100000000000000	0.810000000000000	0.0147650000000000	0.0127000000000000	0.0167000000000000	0.140000000000000	997.047039000000	1.16882600000000	0.000890000000000000	1.80000000000000e-05	0	6043.23170800000	7.55061900000000
0	6.82000000000000	25	25	0.100000000000000	0.840000000000000	0.0147650000000000	0.0127000000000000	0.0167000000000000	0.140000000000000	997.047039000000	1.16882600000000	0.000890000000000000	1.80000000000000e-05	0	6380.00623100000	7.97139700000000
0	7.32000000000000	25	25	0.100000000000000	0.840000000000000	0.0147650000000000	0.0127000000000000	0.0167000000000000	0.140000000000000	997.047039000000	1.16882600000000	0.000890000000000000	1.80000000000000e-05	0	6847.74862300000	8.55581000000000
0	7.51000000000000	25	25	0.100000000000000	0.840000000000000	0.0147650000000000	0.0127000000000000	0.0167000000000000	0.140000000000000	997.047039000000	1.16882600000000	0.000890000000000000	1.80000000000000e-05	0	7025.49073200000	8.77788700000000
0	7.73000000000000	25	25	0.100000000000000	0.870000000000000	0.0147650000000000	0.0127000000000000	0.0167000000000000	0.140000000000000	997.047039000000	1.16882600000000	0.000890000000000000	1.80000000000000e-05	0	7231.29738500000	9.03502900000000
0	8.21000000000000	25	25	0.100000000000000	0.870000000000000	0.0147650000000000	0.0127000000000000	0.0167000000000000	0.140000000000000	997.047039000000	1.16882600000000	0.000890000000000000	1.80000000000000e-05	0	7680.33008200000	9.59606500000000
0	8.26000000000000	25	25	0.100000000000000	0.870000000000000	0.0147650000000000	0.0127000000000000	0.0167000000000000	0.140000000000000	997.047039000000	1.16882600000000	0.000890000000000000	1.80000000000000e-05	0	7727.10432100000	9.65450700000000
0	8.50000000000000	25	25	0.100000000000000	0.890000000000000	0.0147650000000000	0.0127000000000000	0.0167000000000000	0.140000000000000	997.047039000000	1.16882600000000	0.000890000000000000	1.80000000000000e-05	0	7951.62066900000	9.93502500000000
0	8.66000000000000	25	25	0.100000000000000	0.870000000000000	0.0147650000000000	0.0127000000000000	0.0167000000000000	0.140000000000000	997.047039000000	1.16882600000000	0.000890000000000000	1.80000000000000e-05	0	8101.29823500000	10.1220370000000
0	9.11000000000000	25	25	0.100000000000000	0.900000000000000	0.0147650000000000	0.0127000000000000	0.0167000000000000	0.140000000000000	997.047039000000	1.16882600000000	0.000890000000000000	1.80000000000000e-05	0	8522.26638800000	10.6480090000000
0	9.28000000000000	25	25	0.100000000000000	0.910000000000000	0.0147650000000000	0.0127000000000000	0.0167000000000000	0.140000000000000	997.047039000000	1.16882600000000	0.000890000000000000	1.80000000000000e-05	0	8681.29880100000	10.8467100000000
0	9.87000000000000	25	25	0.100000000000000	0.910000000000000	0.0147650000000000	0.0127000000000000	0.0167000000000000	0.140000000000000	997.047039000000	1.16882600000000	0.000890000000000000	1.80000000000000e-05	0	9233.23482400000	11.5363170000000
0	10.2500000000000	25	25	0.100000000000000	0.930000000000000	0.0147650000000000	0.0127000000000000	0.0167000000000000	0.140000000000000	997.047039000000	1.16882600000000	0.000890000000000000	1.80000000000000e-05	0	9588.71904200000	11.9804710000000
0	10.3200000000000	25	25	0.100000000000000	0.930000000000000	0.0147650000000000	0.0127000000000000	0.0167000000000000	0.140000000000000	997.047039000000	1.16882600000000	0.000890000000000000	1.80000000000000e-05	0	9654.20297700000	12.0622890000000
0	0.0600000000000000	25	25	0.100000000000000	0.130000000000000	0.0147650000000000	0.0127000000000000	0.0167000000000000	0.140000000000000	997.047039000000	1.16882600000000	0.000890000000000000	1.80000000000000e-05	0	56.1290870000000	0.0701300000000000
0	0.0800000000000000	25	25	0.100000000000000	0.130000000000000	0.0147650000000000	0.0127000000000000	0.0167000000000000	0.140000000000000	997.047039000000	1.16882600000000	0.000890000000000000	1.80000000000000e-05	0	74.8387830000000	0.0935060000000000
0	0.100000000000000	25	25	0.100000000000000	0.240000000000000	0.0147650000000000	0.0127000000000000	0.0167000000000000	0.140000000000000	997.047039000000	1.16882600000000	0.000890000000000000	1.80000000000000e-05	0	93.5484780000000	0.116883000000000
0	0.100000000000000	25	25	0.100000000000000	0.170000000000000	0.0147650000000000	0.0127000000000000	0.0167000000000000	0.140000000000000	997.047039000000	1.16882600000000	0.000890000000000000	1.80000000000000e-05	0	93.5484780000000	0.116883000000000
0	0.120000000000000	25	25	0.100000000000000	0.170000000000000	0.0147650000000000	0.0127000000000000	0.0167000000000000	0.140000000000000	997.047039000000	1.16882600000000	0.000890000000000000	1.80000000000000e-05	0	112.258174000000	0.140259000000000
0	0.140000000000000	25	25	0.100000000000000	0.240000000000000	0.0147650000000000	0.0127000000000000	0.0167000000000000	0.140000000000000	997.047039000000	1.16882600000000	0.000890000000000000	1.80000000000000e-05	0	130.967870000000	0.163636000000000
0	0.140000000000000	25	25	0.100000000000000	0.190000000000000	0.0147650000000000	0.0127000000000000	0.0167000000000000	0.140000000000000	997.047039000000	1.16882600000000	0.000890000000000000	1.80000000000000e-05	0	130.967870000000	0.163636000000000
0	0.150000000000000	25	25	0.100000000000000	0.180000000000000	0.0147650000000000	0.0127000000000000	0.0167000000000000	0.140000000000000	997.047039000000	1.16882600000000	0.000890000000000000	1.80000000000000e-05	0	140.322718000000	0.175324000000000
0	0.160000000000000	25	25	0.100000000000000	0.210000000000000	0.0147650000000000	0.0127000000000000	0.0167000000000000	0.140000000000000	997.047039000000	1.16882600000000	0.000890000000000000	1.80000000000000e-05	0	149.677566000000	0.187012000000000
0	0.170000000000000	25	25	0.100000000000000	0.210000000000000	0.0147650000000000	0.0127000000000000	0.0167000000000000	0.140000000000000	997.047039000000	1.16882600000000	0.000890000000000000	1.80000000000000e-05	0	159.032413000000	0.198701000000000
0	0.170000000000000	25	25	0.100000000000000	0.210000000000000	0.0147650000000000	0.0127000000000000	0.0167000000000000	0.140000000000000	997.047039000000	1.16882600000000	0.000890000000000000	1.80000000000000e-05	0	159.032413000000	0.198701000000000
0	0.260000000000000	25	25	0.100000000000000	0.210000000000000	0.0147650000000000	0.0127000000000000	0.0167000000000000	0.140000000000000	997.047039000000	1.16882600000000	0.000890000000000000	1.80000000000000e-05	0	243.226044000000	0.303895000000000
0	0.270000000000000	25	25	0.100000000000000	0.240000000000000	0.0147650000000000	0.0127000000000000	0.0167000000000000	0.140000000000000	997.047039000000	1.16882600000000	0.000890000000000000	1.80000000000000e-05	0	252.580892000000	0.315583000000000
0	0.340000000000000	25	25	0.100000000000000	0.250000000000000	0.0147650000000000	0.0127000000000000	0.0167000000000000	0.140000000000000	997.047039000000	1.16882600000000	0.000890000000000000	1.80000000000000e-05	0	318.064827000000	0.397401000000000
0	0.370000000000000	25	25	0.100000000000000	0.260000000000000	0.0147650000000000	0.0127000000000000	0.0167000000000000	0.140000000000000	997.047039000000	1.16882600000000	0.000890000000000000	1.80000000000000e-05	0	346.129370000000	0.432466000000000
0	0.450000000000000	25	25	0.100000000000000	0.270000000000000	0.0147650000000000	0.0127000000000000	0.0167000000000000	0.140000000000000	997.047039000000	1.16882600000000	0.000890000000000000	1.80000000000000e-05	0	420.968153000000	0.525972000000000
0	0.520000000000000	25	25	0.100000000000000	0.310000000000000	0.0147650000000000	0.0127000000000000	0.0167000000000000	0.140000000000000	997.047039000000	1.16882600000000	0.000890000000000000	1.80000000000000e-05	0	486.452088000000	0.607790000000000
0	0.540000000000000	25	25	0.100000000000000	0.300000000000000	0.0147650000000000	0.0127000000000000	0.0167000000000000	0.140000000000000	997.047039000000	1.16882600000000	0.000890000000000000	1.80000000000000e-05	0	505.161784000000	0.631166000000000
0	0.580000000000000	25	25	0.100000000000000	0.310000000000000	0.0147650000000000	0.0127000000000000	0.0167000000000000	0.140000000000000	997.047039000000	1.16882600000000	0.000890000000000000	1.80000000000000e-05	0	542.581175000000	0.677919000000000
0	0.630000000000000	25	25	0.100000000000000	0.350000000000000	0.0147650000000000	0.0127000000000000	0.0167000000000000	0.140000000000000	997.047039000000	1.16882600000000	0.000890000000000000	1.80000000000000e-05	0	589.355414000000	0.736361000000000
0	0.700000000000000	25	25	0.100000000000000	0.340000000000000	0.0147650000000000	0.0127000000000000	0.0167000000000000	0.140000000000000	997.047039000000	1.16882600000000	0.000890000000000000	1.80000000000000e-05	0	654.839349000000	0.818179000000000
0	0.710000000000000	25	25	0.100000000000000	0.370000000000000	0.0147650000000000	0.0127000000000000	0.0167000000000000	0.140000000000000	997.047039000000	1.16882600000000	0.000890000000000000	1.80000000000000e-05	0	664.194197000000	0.829867000000000
0	0.750000000000000	25	25	0.100000000000000	0.370000000000000	0.0147650000000000	0.0127000000000000	0.0167000000000000	0.140000000000000	997.047039000000	1.16882600000000	0.000890000000000000	1.80000000000000e-05	0	701.613588000000	0.876620000000000
0	0.840000000000000	25	25	0.100000000000000	0.390000000000000	0.0147650000000000	0.0127000000000000	0.0167000000000000	0.140000000000000	997.047039000000	1.16882600000000	0.000890000000000000	1.80000000000000e-05	0	785.807219000000	0.981814000000000
0	0.850000000000000	25	25	0.100000000000000	0.400000000000000	0.0147650000000000	0.0127000000000000	0.0167000000000000	0.140000000000000	997.047039000000	1.16882600000000	0.000890000000000000	1.80000000000000e-05	0	795.162067000000	0.993503000000000
0	0.860000000000000	25	25	0.100000000000000	0.400000000000000	0.0147650000000000	0.0127000000000000	0.0167000000000000	0.140000000000000	997.047039000000	1.16882600000000	0.000890000000000000	1.80000000000000e-05	0	804.516915000000	1.00519100000000
0	1.04000000000000	25	25	0.100000000000000	0.440000000000000	0.0147650000000000	0.0127000000000000	0.0167000000000000	0.140000000000000	997.047039000000	1.16882600000000	0.000890000000000000	1.80000000000000e-05	0	972.904176000000	1.21558000000000
0	1.32000000000000	25	25	0.100000000000000	0.470000000000000	0.0147650000000000	0.0127000000000000	0.0167000000000000	0.140000000000000	997.047039000000	1.16882600000000	0.000890000000000000	1.80000000000000e-05	0	1234.83991600000	1.54285100000000
0	1.36000000000000	25	25	0.100000000000000	0.490000000000000	0.0147650000000000	0.0127000000000000	0.0167000000000000	0.140000000000000	997.047039000000	1.16882600000000	0.000890000000000000	1.80000000000000e-05	0	1272.25930700000	1.58960400000000
0	1.44000000000000	25	25	0.100000000000000	0.510000000000000	0.0147650000000000	0.0127000000000000	0.0167000000000000	0.140000000000000	997.047039000000	1.16882600000000	0.000890000000000000	1.80000000000000e-05	0	1347.09809000000	1.68311000000000
0	1.72000000000000	25	25	0.100000000000000	0.540000000000000	0.0147650000000000	0.0127000000000000	0.0167000000000000	0.140000000000000	997.047039000000	1.16882600000000	0.000890000000000000	1.80000000000000e-05	0	1609.03383000000	2.01038200000000
0	1.82000000000000	25	25	0.100000000000000	0.530000000000000	0.0147650000000000	0.0127000000000000	0.0167000000000000	0.140000000000000	997.047039000000	1.16882600000000	0.000890000000000000	1.80000000000000e-05	0	1702.58230800000	2.12726400000000
0	1.95000000000000	25	25	0.100000000000000	0.560000000000000	0.0147650000000000	0.0127000000000000	0.0167000000000000	0.140000000000000	997.047039000000	1.16882600000000	0.000890000000000000	1.80000000000000e-05	0	1824.19533000000	2.27921200000000
0	2.15000000000000	25	25	0.100000000000000	0.580000000000000	0.0147650000000000	0.0127000000000000	0.0167000000000000	0.140000000000000	997.047039000000	1.16882600000000	0.000890000000000000	1.80000000000000e-05	0	2011.29228700000	2.51297700000000
0	2.17000000000000	25	25	0.100000000000000	0.560000000000000	0.0147650000000000	0.0127000000000000	0.0167000000000000	0.140000000000000	997.047039000000	1.16882600000000	0.000890000000000000	1.80000000000000e-05	0	2030.00198300000	2.53635300000000
0	2.34000000000000	25	25	0.100000000000000	0.610000000000000	0.0147650000000000	0.0127000000000000	0.0167000000000000	0.140000000000000	997.047039000000	1.16882600000000	0.000890000000000000	1.80000000000000e-05	0	2189.03439600000	2.73505400000000
0	2.42000000000000	25	25	0.100000000000000	0.590000000000000	0.0147650000000000	0.0127000000000000	0.0167000000000000	0.140000000000000	997.047039000000	1.16882600000000	0.000890000000000000	1.80000000000000e-05	0	2263.87317900000	2.82856000000000
0	2.48000000000000	25	25	0.100000000000000	0.610000000000000	0.0147650000000000	0.0127000000000000	0.0167000000000000	0.140000000000000	997.047039000000	1.16882600000000	0.000890000000000000	1.80000000000000e-05	0	2320.00226600000	2.89869000000000
0	2.58000000000000	25	25	0.100000000000000	0.610000000000000	0.0147650000000000	0.0127000000000000	0.0167000000000000	0.140000000000000	997.047039000000	1.16882600000000	0.000890000000000000	1.80000000000000e-05	0	2413.55074400000	3.01557200000000
0	2.70000000000000	25	25	0.100000000000000	0.630000000000000	0.0147650000000000	0.0127000000000000	0.0167000000000000	0.140000000000000	997.047039000000	1.16882600000000	0.000890000000000000	1.80000000000000e-05	0	2525.80891800000	3.15583100000000
0	2.71000000000000	25	25	0.100000000000000	0.630000000000000	0.0147650000000000	0.0127000000000000	0.0167000000000000	0.140000000000000	997.047039000000	1.16882600000000	0.000890000000000000	1.80000000000000e-05	0	2535.16376600000	3.16752000000000
0	2.72000000000000	25	25	0.100000000000000	0.640000000000000	0.0147650000000000	0.0127000000000000	0.0167000000000000	0.140000000000000	997.047039000000	1.16882600000000	0.000890000000000000	1.80000000000000e-05	0	2544.51861400000	3.17920800000000
0	2.78000000000000	25	25	0.100000000000000	0.660000000000000	0.0147650000000000	0.0127000000000000	0.0167000000000000	0.140000000000000	997.047039000000	1.16882600000000	0.000890000000000000	1.80000000000000e-05	0	2600.64770100000	3.24933800000000
0	2.91000000000000	25	25	0.100000000000000	0.650000000000000	0.0147650000000000	0.0127000000000000	0.0167000000000000	0.140000000000000	997.047039000000	1.16882600000000	0.000890000000000000	1.80000000000000e-05	0	2722.26072300000	3.40128500000000
0	3.73000000000000	25	25	0.100000000000000	0.720000000000000	0.0147650000000000	0.0127000000000000	0.0167000000000000	0.140000000000000	997.047039000000	1.16882600000000	0.000890000000000000	1.80000000000000e-05	0	3489.35824700000	4.35972300000000
0	4.43000000000000	25	25	0.100000000000000	0.710000000000000	0.0147650000000000	0.0127000000000000	0.0167000000000000	0.140000000000000	997.047039000000	1.16882600000000	0.000890000000000000	1.80000000000000e-05	0	4144.19759600000	5.17790100000000
0	4.62000000000000	25	25	0.100000000000000	0.720000000000000	0.0147650000000000	0.0127000000000000	0.0167000000000000	0.140000000000000	997.047039000000	1.16882600000000	0.000890000000000000	1.80000000000000e-05	0	4321.93970500000	5.39997800000000
0	4.90000000000000	25	25	0.100000000000000	0.760000000000000	0.0147650000000000	0.0127000000000000	0.0167000000000000	0.140000000000000	997.047039000000	1.16882600000000	0.000890000000000000	1.80000000000000e-05	0	4583.87544500000	5.72725000000000
0	4.99000000000000	25	25	0.100000000000000	0.740000000000000	0.0147650000000000	0.0127000000000000	0.0167000000000000	0.140000000000000	997.047039000000	1.16882600000000	0.000890000000000000	1.80000000000000e-05	0	4668.06907500000	5.83244400000000
0	5.85000000000000	25	25	0.100000000000000	0.770000000000000	0.0147650000000000	0.0127000000000000	0.0167000000000000	0.140000000000000	997.047039000000	1.16882600000000	0.000890000000000000	1.80000000000000e-05	0	5472.58599000000	6.83763500000000
0	5.95000000000000	25	25	0.100000000000000	0.800000000000000	0.0147650000000000	0.0127000000000000	0.0167000000000000	0.140000000000000	997.047039000000	1.16882600000000	0.000890000000000000	1.80000000000000e-05	0	5566.13446800000	6.95451800000000
0	6.39000000000000	25	25	0.100000000000000	0.790000000000000	0.0147650000000000	0.0127000000000000	0.0167000000000000	0.140000000000000	997.047039000000	1.16882600000000	0.000890000000000000	1.80000000000000e-05	0	5977.74777400000	7.46880100000000
0	6.65000000000000	25	25	0.100000000000000	0.820000000000000	0.0147650000000000	0.0127000000000000	0.0167000000000000	0.140000000000000	997.047039000000	1.16882600000000	0.000890000000000000	1.80000000000000e-05	0	6220.97381800000	7.77269600000000
0	7.02000000000000	25	25	0.100000000000000	0.840000000000000	0.0147650000000000	0.0127000000000000	0.0167000000000000	0.140000000000000	997.047039000000	1.16882600000000	0.000890000000000000	1.80000000000000e-05	0	6567.10318800000	8.20516200000000
0	7.51000000000000	25	25	0.100000000000000	0.850000000000000	0.0147650000000000	0.0127000000000000	0.0167000000000000	0.140000000000000	997.047039000000	1.16882600000000	0.000890000000000000	1.80000000000000e-05	0	7025.49073200000	8.77788700000000
0	7.70000000000000	25	25	0.100000000000000	0.840000000000000	0.0147650000000000	0.0127000000000000	0.0167000000000000	0.140000000000000	997.047039000000	1.16882600000000	0.000890000000000000	1.80000000000000e-05	0	7203.23284100000	8.99996400000000
0	7.93000000000000	25	25	0.100000000000000	0.870000000000000	0.0147650000000000	0.0127000000000000	0.0167000000000000	0.140000000000000	997.047039000000	1.16882600000000	0.000890000000000000	1.80000000000000e-05	0	7418.39434200000	9.26879400000000
0	8.41000000000000	25	25	0.100000000000000	0.860000000000000	0.0147650000000000	0.0127000000000000	0.0167000000000000	0.140000000000000	997.047039000000	1.16882600000000	0.000890000000000000	1.80000000000000e-05	0	7867.42703800000	9.82983100000000
0	8.50000000000000	25	25	0.100000000000000	0.860000000000000	0.0147650000000000	0.0127000000000000	0.0167000000000000	0.140000000000000	997.047039000000	1.16882600000000	0.000890000000000000	1.80000000000000e-05	0	7951.62066900000	9.93502500000000
0	8.71000000000000	25	25	0.100000000000000	0.880000000000000	0.0147650000000000	0.0127000000000000	0.0167000000000000	0.140000000000000	997.047039000000	1.16882600000000	0.000890000000000000	1.80000000000000e-05	0	8148.07247400000	10.1804790000000
0	8.88000000000000	25	25	0.100000000000000	0.880000000000000	0.0147650000000000	0.0127000000000000	0.0167000000000000	0.140000000000000	997.047039000000	1.16882600000000	0.000890000000000000	1.80000000000000e-05	0	8307.10488700000	10.3791790000000
0	9.33000000000000	25	25	0.100000000000000	0.900000000000000	0.0147650000000000	0.0127000000000000	0.0167000000000000	0.140000000000000	997.047039000000	1.16882600000000	0.000890000000000000	1.80000000000000e-05	0	8728.07304000000	10.9051510000000
0	9.48000000000000	25	25	0.100000000000000	0.910000000000000	0.0147650000000000	0.0127000000000000	0.0167000000000000	0.140000000000000	997.047039000000	1.16882600000000	0.000890000000000000	1.80000000000000e-05	0	8868.39575800000	11.0804750000000
0	10.0900000000000	25	25	0.100000000000000	0.910000000000000	0.0147650000000000	0.0127000000000000	0.0167000000000000	0.140000000000000	997.047039000000	1.16882600000000	0.000890000000000000	1.80000000000000e-05	0	9439.04147700000	11.7934590000000
0	10.4800000000000	25	25	0.100000000000000	0.930000000000000	0.0147650000000000	0.0127000000000000	0.0167000000000000	0.140000000000000	997.047039000000	1.16882600000000	0.000890000000000000	1.80000000000000e-05	0	9803.88054300000	12.2493020000000
0	10.5400000000000	25	25	0.100000000000000	0.920000000000000	0.0147650000000000	0.0127000000000000	0.0167000000000000	0.140000000000000	997.047039000000	1.16882600000000	0.000890000000000000	1.80000000000000e-05	0	9860.00963000000	12.3194310000000
0	0.0587540000000000	25	25	0.106310000000000	0.139098000000000	0.00901900000000000	0.0100000000000000	0.0123000000000000	0.0539000000000000	997.049886000000	1.24260500000000	0.000890000000000000	1.80000000000000e-05	0	35.6911720000000	0.0730080000000000
0	0.0940070000000000	25	25	0.106049000000000	0.174812000000000	0.00901900000000000	0.0100000000000000	0.0123000000000000	0.0539000000000000	997.049768000000	1.23955300000000	0.000890000000000000	1.80000000000000e-05	0	56.9661060000000	0.116527000000000
0	0.141011000000000	25	25	0.105897000000000	0.195489000000000	0.00901900000000000	0.0100000000000000	0.0123000000000000	0.0539000000000000	997.049699000000	1.23777600000000	0.000890000000000000	1.80000000000000e-05	0	85.3270460000000	0.174540000000000
0	0.223267000000000	25	25	0.105526000000000	0.246241000000000	0.00901900000000000	0.0100000000000000	0.0123000000000000	0.0539000000000000	997.049532000000	1.23343800000000	0.000890000000000000	1.80000000000000e-05	0	134.627817000000	0.275386000000000
0	0.293772000000000	25	25	0.105251000000000	0.283835000000000	0.00901900000000000	0.0100000000000000	0.0123000000000000	0.0539000000000000	997.049408000000	1.23022200000000	0.000890000000000000	1.80000000000000e-05	0	176.680233000000	0.361405000000000
0	0.423032000000000	25	25	0.104797000000000	0.345865000000000	0.00901900000000000	0.0100000000000000	0.0123000000000000	0.0539000000000000	997.049203000000	1.22491400000000	0.000890000000000000	1.80000000000000e-05	0	253.322810000000	0.518178000000000
0	0.517039000000000	25	25	0.104605000000000	0.372180000000000	0.00901900000000000	0.0100000000000000	0.0123000000000000	0.0539000000000000	997.049116000000	1.22266900000000	0.000890000000000000	1.80000000000000e-05	0	309.049717000000	0.632168000000000
0	0.646298000000000	25	25	0.104179000000000	0.430451000000000	0.00901900000000000	0.0100000000000000	0.0123000000000000	0.0539000000000000	997.048924000000	1.21768800000000	0.000890000000000000	1.80000000000000e-05	0	384.739201000000	0.786989000000000
0	0.728555000000000	25	25	0.104097000000000	0.441729000000000	0.00901900000000000	0.0100000000000000	0.0123000000000000	0.0539000000000000	997.048887000000	1.21672900000000	0.000890000000000000	1.80000000000000e-05	0	433.365327000000	0.886454000000000
0	0.799060000000000	25	25	0.103946000000000	0.462406000000000	0.00901900000000000	0.0100000000000000	0.0123000000000000	0.0539000000000000	997.048819000000	1.21496400000000	0.000890000000000000	1.80000000000000e-05	0	474.614578000000	0.970829000000000
0	0.916569000000000	25	25	0.103946000000000	0.462406000000000	0.00901900000000000	0.0100000000000000	0.0123000000000000	0.0539000000000000	997.048819000000	1.21496400000000	0.000890000000000000	1.80000000000000e-05	0	544.410945000000	1.11359800000000
0	1.05758000000000	25	25	0.103837000000000	0.477444000000000	0.00901900000000000	0.0100000000000000	0.0123000000000000	0.0539000000000000	997.048770000000	1.21368900000000	0.000890000000000000	1.80000000000000e-05	0	627.508304000000	1.28357400000000
0	1.19859000000000	25	25	0.103590000000000	0.511278000000000	0.00901900000000000	0.0100000000000000	0.0123000000000000	0.0539000000000000	997.048659000000	1.21080100000000	0.000890000000000000	1.80000000000000e-05	0	709.484783000000	1.45125400000000
0	1.33960000000000	25	25	0.103413000000000	0.535714000000000	0.00901900000000000	0.0100000000000000	0.0123000000000000	0.0539000000000000	997.048579000000	1.20873200000000	0.000890000000000000	1.80000000000000e-05	0	791.598981000000	1.61921700000000
0	1.64512000000000	25	25	0.103112000000000	0.577068000000000	0.00901900000000000	0.0100000000000000	0.0123000000000000	0.0539000000000000	997.048443000000	1.20521200000000	0.000890000000000000	1.80000000000000e-05	0	969.309202000000	1.98271900000000
0	1.95065000000000	25	25	0.102771000000000	0.624060000000000	0.00901900000000000	0.0100000000000000	0.0123000000000000	0.0539000000000000	997.048289000000	1.20122500000000	0.000890000000000000	1.80000000000000e-05	0	1145.52915800000	2.34317000000000
0	2.47944000000000	25	25	0.102597000000000	0.648496000000000	0.00901900000000000	0.0100000000000000	0.0123000000000000	0.0539000000000000	997.048211000000	1.19919100000000	0.000890000000000000	1.80000000000000e-05	0	1453.59968900000	2.97332200000000
0	3.05523000000000	25	25	0.102288000000000	0.691729000000000	0.00901900000000000	0.0100000000000000	0.0123000000000000	0.0539000000000000	997.048071000000	1.19557800000000	0.000890000000000000	1.80000000000000e-05	0	1785.77098000000	3.65276600000000
0	3.76028000000000	25	25	0.101969000000000	0.734962000000000	0.00901900000000000	0.0100000000000000	0.0123000000000000	0.0539000000000000	997.047927000000	1.19184800000000	0.000890000000000000	1.80000000000000e-05	0	2191.01896500000	4.48168300000000
0	4.50059000000000	25	25	0.101794000000000	0.759398000000000	0.00901900000000000	0.0100000000000000	0.0123000000000000	0.0539000000000000	997.047848000000	1.18980200000000	0.000890000000000000	1.80000000000000e-05	0	2617.88019200000	5.35481100000000
0	4.95887000000000	25	25	0.101453000000000	0.806391000000000	0.00901900000000000	0.0100000000000000	0.0123000000000000	0.0539000000000000	997.047695000000	1.18581500000000	0.000890000000000000	1.80000000000000e-05	0	2874.79197300000	5.88030300000000
0	5.64042000000000	25	25	0.101223000000000	0.838346000000000	0.00901900000000000	0.0100000000000000	0.0123000000000000	0.0539000000000000	997.047591000000	1.18312600000000	0.000890000000000000	1.80000000000000e-05	0	3262.49539600000	6.67332700000000
0	6.46298000000000	25	25	0.101104000000000	0.855263000000000	0.00901900000000000	0.0100000000000000	0.0123000000000000	0.0539000000000000	997.047537000000	1.18173500000000	0.000890000000000000	1.80000000000000e-05	0	3733.88246400000	7.63752700000000
0	7.13278000000000	25	25	0.100983000000000	0.872180000000000	0.00901900000000000	0.0100000000000000	0.0123000000000000	0.0539000000000000	997.047482000000	1.18032000000000	0.000890000000000000	1.80000000000000e-05	0	4115.91908700000	8.41896100000000
0	8.00235000000000	25	25	0.100796000000000	0.898496000000000	0.00901900000000000	0.0100000000000000	0.0123000000000000	0.0539000000000000	997.047398000000	1.17813300000000	0.000890000000000000	1.80000000000000e-05	0	4609.15102800000	9.42783500000000
0	8.87192000000000	25	25	0.100732000000000	0.907895000000000	0.00901900000000000	0.0100000000000000	0.0123000000000000	0.0539000000000000	997.047369000000	1.17738500000000	0.000890000000000000	1.80000000000000e-05	0	5106.75824100000	10.4456660000000
0	0.164512000000000	25	25	0.104806000000000	0.231638000000000	0.0127210000000000	0.0120000000000000	0.0160000000000000	0.0680000000000000	997.049207000000	1.22501900000000	0.000890000000000000	1.80000000000000e-05	0	138.962879000000	0.201530000000000
0	0.211516000000000	25	25	0.104560000000000	0.271186000000000	0.0127210000000000	0.0120000000000000	0.0160000000000000	0.0680000000000000	997.049096000000	1.22214300000000	0.000890000000000000	1.80000000000000e-05	0	178.247874000000	0.258503000000000
0	0.305523000000000	25	25	0.104266000000000	0.318267000000000	0.0127210000000000	0.0120000000000000	0.0160000000000000	0.0680000000000000	997.048964000000	1.21870500000000	0.000890000000000000	1.80000000000000e-05	0	256.745452000000	0.372343000000000
0	0.423032000000000	25	25	0.103972000000000	0.365348000000000	0.0127210000000000	0.0120000000000000	0.0160000000000000	0.0680000000000000	997.048831000000	1.21526800000000	0.000890000000000000	1.80000000000000e-05	0	354.491915000000	0.514097000000000
0	0.634548000000000	25	25	0.103913000000000	0.374765000000000	0.0127210000000000	0.0120000000000000	0.0160000000000000	0.0680000000000000	997.048804000000	1.21457800000000	0.000890000000000000	1.80000000000000e-05	0	531.436274000000	0.770708000000000
0	0.810811000000000	25	25	0.103878000000000	0.380414000000000	0.0127210000000000	0.0120000000000000	0.0160000000000000	0.0680000000000000	997.048788000000	1.21416900000000	0.000890000000000000	1.80000000000000e-05	0	678.828570000000	0.984461000000000
0	1.18684000000000	25	25	0.103421000000000	0.453861000000000	0.0127210000000000	0.0120000000000000	0.0160000000000000	0.0680000000000000	997.048582000000	1.20882500000000	0.000890000000000000	1.80000000000000e-05	0	989.278813000000	1.43468200000000
0	1.33960000000000	25	25	0.103233000000000	0.483992000000000	0.0127210000000000	0.0120000000000000	0.0160000000000000	0.0680000000000000	997.048498000000	1.20662700000000	0.000890000000000000	1.80000000000000e-05	0	1114.58157000000	1.61639800000000
0	1.64512000000000	25	25	0.102788000000000	0.555556000000000	0.0127210000000000	0.0120000000000000	0.0160000000000000	0.0680000000000000	997.048297000000	1.20142400000000	0.000890000000000000	1.80000000000000e-05	0	1362.88447400000	1.97648700000000
0	1.95065000000000	25	25	0.102589000000000	0.587571000000000	0.0127210000000000	0.0120000000000000	0.0160000000000000	0.0680000000000000	997.048207000000	1.19909700000000	0.000890000000000000	1.80000000000000e-05	0	1612.87082500000	2.33901900000000
0	2.47944000000000	25	25	0.102201000000000	0.649718000000000	0.0127210000000000	0.0120000000000000	0.0160000000000000	0.0680000000000000	997.048032000000	1.19456100000000	0.000890000000000000	1.80000000000000e-05	0	2042.34426200000	2.96184200000000
0	3.05523000000000	25	25	0.101932000000000	0.693032000000000	0.0127210000000000	0.0120000000000000	0.0160000000000000	0.0680000000000000	997.047911000000	1.19141600000000	0.000890000000000000	1.80000000000000e-05	0	2510.00846100000	3.64004900000000
0	3.77203000000000	25	25	0.101698000000000	0.730697000000000	0.0127210000000000	0.0120000000000000	0.0160000000000000	0.0680000000000000	997.047805000000	1.18868000000000	0.000890000000000000	1.80000000000000e-05	0	3091.78111900000	4.48373500000000
0	4.50059000000000	25	25	0.101571000000000	0.751412000000000	0.0127210000000000	0.0120000000000000	0.0160000000000000	0.0680000000000000	997.047748000000	1.18719500000000	0.000890000000000000	1.80000000000000e-05	0	3684.34779000000	5.34307700000000
0	4.94712000000000	25	25	0.101431000000000	0.774011000000000	0.0127210000000000	0.0120000000000000	0.0160000000000000	0.0680000000000000	997.047685000000	1.18555800000000	0.000890000000000000	1.80000000000000e-05	0	4044.31400900000	5.86509700000000
0	5.64042000000000	25	25	0.101232000000000	0.806026000000000	0.0127210000000000	0.0120000000000000	0.0160000000000000	0.0680000000000000	997.047595000000	1.18323100000000	0.000890000000000000	1.80000000000000e-05	0	4602.05037200000	6.67392000000000
0	6.46298000000000	25	25	0.101152000000000	0.819209000000000	0.0127210000000000	0.0120000000000000	0.0160000000000000	0.0680000000000000	997.047559000000	1.18229600000000	0.000890000000000000	1.80000000000000e-05	0	5269.01640200000	7.64115400000000
0	7.13278000000000	25	25	0.100906000000000	0.858757000000000	0.0127210000000000	0.0120000000000000	0.0160000000000000	0.0680000000000000	997.047448000000	1.17941900000000	0.000890000000000000	1.80000000000000e-05	0	5800.94259600000	8.41254000000000
0	8.00235000000000	25	25	0.100850000000000	0.868173000000000	0.0127210000000000	0.0120000000000000	0.0160000000000000	0.0680000000000000	997.047422000000	1.17876500000000	0.000890000000000000	1.80000000000000e-05	0	6504.53572100000	9.43288800000000
0	8.87192000000000	25	25	0.100628000000000	0.903955000000000	0.0127210000000000	0.0120000000000000	0.0160000000000000	0.0680000000000000	997.047322000000	1.17616900000000	0.000890000000000000	1.80000000000000e-05	0	7195.47971000000	10.4348780000000
0.194972000000000	0.00825000000000000	25.8166480000000	21.8619110000000	0.106482000000000	0.0309540000000000	0.0187000000000000	0.0100000000000000	0.0167000000000000	0.100000000000000	996.837302000000	1.25789000000000	0.000874000000000000	1.80000000000000e-05	4159.79457500000	10.6065140000000	194.365252000000
0.196406000000000	0.0306050000000000	25.7924110000000	21.8169920000000	0.105415000000000	0.0926740000000000	0.0187000000000000	0.0100000000000000	0.0167000000000000	0.100000000000000	996.843224000000	1.24547700000000	0.000874000000000000	1.80000000000000e-05	4188.12672000000	38.9625860000000	195.823649000000
0.198283000000000	0.0643070000000000	25.8408960000000	21.9069840000000	0.104128000000000	0.144473000000000	0.0187000000000000	0.0100000000000000	0.0167000000000000	0.100000000000000	996.829832000000	1.22988200000000	0.000873000000000000	1.80000000000000e-05	4232.72826400000	80.8248520000000	197.733670000000
0.199125000000000	0.0873780000000000	25.8873970000000	22.0212760000000	0.103428000000000	0.163423000000000	0.0187000000000000	0.0100000000000000	0.0167000000000000	0.100000000000000	996.817208000000	1.22114100000000	0.000872000000000000	1.80000000000000e-05	4255.09817600000	109.008612000000	198.597988000000
0.388015000000000	0.00817600000000000	25.8484910000000	21.8571340000000	0.106657000000000	0.0190030000000000	0.0187000000000000	0.0100000000000000	0.0167000000000000	0.100000000000000	996.828961000000	1.25998500000000	0.000873000000000000	1.80000000000000e-05	8284.31933000000	10.5288260000000	386.794652000000
0.390368000000000	0.0300370000000000	25.8342170000000	21.7845470000000	0.106423000000000	0.0654290000000000	0.0187000000000000	0.0100000000000000	0.0167000000000000	0.100000000000000	996.832631000000	1.25752200000000	0.000873000000000000	1.80000000000000e-05	8331.90402900000	38.6119840000000	389.168874000000
0.393335000000000	0.0631270000000000	25.9189520000000	21.9166930000000	0.105584000000000	0.117729000000000	0.0187000000000000	0.0100000000000000	0.0167000000000000	0.100000000000000	996.809814000000	1.24704600000000	0.000872000000000000	1.80000000000000e-05	8411.08354000000	80.4460530000000	392.159300000000
0.395123000000000	0.0854890000000000	25.9801240000000	22.0018340000000	0.105113000000000	0.140630000000000	0.0187000000000000	0.0100000000000000	0.0167000000000000	0.100000000000000	996.793361000000	1.24112000000000	0.000870000000000000	1.80000000000000e-05	8460.79161700000	108.401154000000	393.961687000000
0.776948000000000	0.00824400000000000	35.1209930000000	33.9769690000000	0.107569000000000	0.00842700000000000	0.0187000000000000	0.0100000000000000	0.0167000000000000	0.100000000000000	993.994413000000	1.22047700000000	0.000717000000000000	1.90000000000000e-05	20130.8076500000	9.96544400000000	772.291993000000
0.778542000000000	0.0308690000000000	35.2685700000000	33.9542940000000	0.107540000000000	0.0279410000000000	0.0187000000000000	0.0100000000000000	0.0167000000000000	0.100000000000000	993.943428000000	1.22023500000000	0.000715000000000000	1.90000000000000e-05	20230.4790900000	37.3107660000000	773.864571000000
0.780632000000000	0.0642020000000000	35.2766160000000	33.7436380000000	0.107480000000000	0.0640250000000000	0.0187000000000000	0.0100000000000000	0.0167000000000000	0.100000000000000	993.940617000000	1.22039300000000	0.000715000000000000	1.90000000000000e-05	20287.9805900000	77.6509320000000	775.980432000000
0.781185000000000	0.0865430000000000	35.3218330000000	33.9595770000000	0.107459000000000	0.0847910000000000	0.0187000000000000	0.0100000000000000	0.0167000000000000	0.100000000000000	993.924952000000	1.21929600000000	0.000715000000000000	1.90000000000000e-05	20320.3073100000	104.520185000000	776.544984000000
1.16336900000000	0.00820700000000000	35.3108980000000	34.0382120000000	0.108083000000000	0.00479100000000000	0.0187000000000000	0.0100000000000000	0.0167000000000000	0.100000000000000	993.929015000000	1.22606400000000	0.000715000000000000	1.90000000000000e-05	30255.2665700000	9.96480300000000	1156.31616800000
1.16711900000000	0.0637020000000000	35.3602630000000	34.0158160000000	0.108165000000000	0.0373850000000000	0.0187000000000000	0.0100000000000000	0.0167000000000000	0.100000000000000	993.911946000000	1.22708200000000	0.000714000000000000	1.90000000000000e-05	30382.0897700000	77.4147330000000	1160.09171400000
1.16609400000000	0.0859280000000000	35.3688590000000	33.9031230000000	0.108112000000000	0.0484030000000000	0.0187000000000000	0.0100000000000000	0.0167000000000000	0.100000000000000	993.908942000000	1.22693800000000	0.000714000000000000	1.90000000000000e-05	30360.4985800000	104.442497000000	1159.09649300000
0.0890000000000000	0.270000000000000	25	25	0.100000000000000	0.320000000000000	0.0217000000000000	0.0103000000000000	0.0167000000000000	0.140000000000000	997.047039000000	1.16883353900000	0.000890023000000000	1.84000000000000e-05	2171.23136200000	104751.537700000	89.0527715300000
0.0920000000000000	0.540000000000000	25	25	0.100000000000000	0.400000000000000	0.0217000000000000	0.0103000000000000	0.0167000000000000	0.140000000000000	997.047039000000	1.16883353900000	0.000890023000000000	1.84000000000000e-05	2251.85398000000	108641.193800000	92.3594977000000
0.100000000000000	1.53000000000000	25	25	0.100000000000000	0.620000000000000	0.0217000000000000	0.0103000000000000	0.0167000000000000	0.140000000000000	997.047039000000	1.16883353900000	0.000890023000000000	1.84000000000000e-05	2474.54203300000	119384.828200000	101.493019200000
0.100000000000000	2.47000000000000	25	25	0.100000000000000	0.720000000000000	0.0217000000000000	0.0103000000000000	0.0167000000000000	0.140000000000000	997.047039000000	1.16883353900000	0.000890023000000000	1.84000000000000e-05	2501.32996500000	120677.217900000	102.591722700000
0.100000000000000	5.20000000000000	25	25	0.100000000000000	0.820000000000000	0.0217000000000000	0.0103000000000000	0.0167000000000000	0.140000000000000	997.047039000000	1.16883353900000	0.000890023000000000	1.84000000000000e-05	2579.12895800000	124430.647600000	105.782638300000
0.100000000000000	8.33000000000000	25	25	0.100000000000000	0.880000000000000	0.0217000000000000	0.0103000000000000	0.0167000000000000	0.140000000000000	997.047039000000	1.16883353900000	0.000890023000000000	1.84000000000000e-05	2668.32707100000	128734.030300000	109.441087300000
0.900000000000000	1.40000000000000	25	25	0.100000000000000	0.410000000000000	0.0217000000000000	0.0103000000000000	0.0167000000000000	0.140000000000000	997.047039000000	1.16883353900000	0.000890023000000000	1.84000000000000e-05	21918.3605200000	1057456.15600000	898.978702100000
0.880000000000000	2.16000000000000	25	25	0.100000000000000	0.470000000000000	0.0217000000000000	0.0103000000000000	0.0167000000000000	0.140000000000000	997.047039000000	1.16883353900000	0.000890023000000000	1.84000000000000e-05	21453.8307700000	1035044.81500000	879.926074800000
0.800000000000000	4.27000000000000	25	25	0.100000000000000	0.580000000000000	0.0217000000000000	0.0103000000000000	0.0167000000000000	0.140000000000000	997.047039000000	1.16883353900000	0.000890023000000000	1.84000000000000e-05	19569.2088000000	944120.811200000	802.628550400000
0.730000000000000	6.19000000000000	25	25	0.100000000000000	0.680000000000000	0.0217000000000000	0.0103000000000000	0.0167000000000000	0.140000000000000	997.047039000000	1.16883353900000	0.000890023000000000	1.84000000000000e-05	17922.2663000000	864663.705500000	735.079418100000
1.36000000000000	1.31000000000000	25	25	0.100000000000000	0.390000000000000	0.0217000000000000	0.0103000000000000	0.0167000000000000	0.140000000000000	997.047039000000	1.16883353900000	0.000890023000000000	1.84000000000000e-05	33098.1215600000	1596826.20200000	1357.51514500000
1.35000000000000	1.87000000000000	25	25	0.100000000000000	0.430000000000000	0.0217000000000000	0.0103000000000000	0.0167000000000000	0.140000000000000	997.047039000000	1.16883353900000	0.000890023000000000	1.84000000000000e-05	32870.9862900000	1585868.01100000	1348.19922100000
1.24000000000000	3.47000000000000	25	25	0.100000000000000	0.520000000000000	0.0217000000000000	0.0103000000000000	0.0167000000000000	0.140000000000000	997.047039000000	1.16883353900000	0.000890023000000000	1.84000000000000e-05	30242.5483300000	1459058.43900000	1240.39418100000
1.23000000000000	4.91000000000000	25	25	0.100000000000000	0.580000000000000	0.0217000000000000	0.0103000000000000	0.0167000000000000	0.140000000000000	997.047039000000	1.16883353900000	0.000890023000000000	1.84000000000000e-05	30040.4911200000	1449310.14500000	1232.10683100000
0.430000000000000	0.540000000000000	25	25	0.100000000000000	0.350000000000000	0.0217000000000000	0.0103000000000000	0.0167000000000000	0.140000000000000	997.047039000000	1.16883353900000	0.000890023000000000	1.84000000000000e-05	10468.4325300000	505051.845100000	429.361396900000
0.440000000000000	1.58000000000000	25	25	0.100000000000000	0.460000000000000	0.0217000000000000	0.0103000000000000	0.0167000000000000	0.140000000000000	997.047039000000	1.16883353900000	0.000890023000000000	1.84000000000000e-05	10741.1642800000	518209.848900000	440.547454200000
0.440000000000000	2.32000000000000	25	25	0.100000000000000	0.510000000000000	0.0217000000000000	0.0103000000000000	0.0167000000000000	0.140000000000000	997.047039000000	1.16883353900000	0.000890023000000000	1.84000000000000e-05	10762.2526600000	519227.262000000	441.412391000000
0.420000000000000	4.72000000000000	25	25	0.100000000000000	0.600000000000000	0.0217000000000000	0.0103000000000000	0.0167000000000000	0.140000000000000	997.047039000000	1.16883353900000	0.000890023000000000	1.84000000000000e-05	10344.4592900000	499070.728800000	424.276650700000
0.380000000000000	7.12000000000000	25	25	0.100000000000000	0.700000000000000	0.0217000000000000	0.0103000000000000	0.0167000000000000	0.140000000000000	997.047039000000	1.16883353900000	0.000890023000000000	1.84000000000000e-05	9440.47785300000	455457.944100000	387.199969600000
0.280000000000000	0.540000000000000	25	25	0.100000000000000	0.400000000000000	0.0217000000000000	0.0103000000000000	0.0167000000000000	0.140000000000000	997.047039000000	1.16883353900000	0.000890023000000000	1.84000000000000e-05	6822.02193200000	329129.958400000	279.804341000000
0.280000000000000	1.46000000000000	25	25	0.100000000000000	0.520000000000000	0.0217000000000000	0.0103000000000000	0.0167000000000000	0.140000000000000	997.047039000000	1.16883353900000	0.000890023000000000	1.84000000000000e-05	6848.23990800000	330394.850500000	280.879667900000
0.280000000000000	2.48000000000000	25	25	0.100000000000000	0.570000000000000	0.0217000000000000	0.0103000000000000	0.0167000000000000	0.140000000000000	997.047039000000	1.16883353900000	0.000890023000000000	1.84000000000000e-05	6877.30766300000	331797.230800000	282.071878100000
0.270000000000000	4.89000000000000	25	25	0.100000000000000	0.630000000000000	0.0217000000000000	0.0103000000000000	0.0167000000000000	0.140000000000000	997.047039000000	1.16883353900000	0.000890023000000000	1.84000000000000e-05	6702.89332000000	323382.572200000	274.918296500000
0.260000000000000	7.53000000000000	25	25	0.100000000000000	0.670000000000000	0.0217000000000000	0.0103000000000000	0.0167000000000000	0.140000000000000	997.047039000000	1.16883353900000	0.000890023000000000	1.84000000000000e-05	6535.03347100000	315284.136600000	268.033546700000
0.0940000000000000	0.560000000000000	25	25	0.300000000000000	0.490000000000000	0.0217000000000000	0.0103000000000000	0.0167000000000000	0.140000000000000	997.137245300000	3.50872139100000	0.000889995000000000	1.85000000000000e-05	2333.27025100000	112389.392800000	95.6957850400000
0.0960000000000000	1.05000000000000	25	25	0.300000000000000	0.600000000000000	0.0217000000000000	0.0103000000000000	0.0167000000000000	0.140000000000000	997.137245300000	3.50872139100000	0.000889995000000000	1.85000000000000e-05	2423.81458400000	116750.748900000	99.4093330100000
0.0970000000000000	1.95000000000000	25	25	0.300000000000000	0.690000000000000	0.0217000000000000	0.0103000000000000	0.0167000000000000	0.140000000000000	997.137245300000	3.50872139100000	0.000889995000000000	1.85000000000000e-05	2525.12214300000	121630.550200000	103.564319500000
0.0970000000000000	3.48000000000000	25	25	0.300000000000000	0.740000000000000	0.0217000000000000	0.0103000000000000	0.0167000000000000	0.140000000000000	997.137245300000	3.50872139100000	0.000889995000000000	1.85000000000000e-05	2656.01397600000	127935.372200000	108.932663200000
0.190000000000000	0.580000000000000	25	25	0.300000000000000	0.500000000000000	0.0217000000000000	0.0103000000000000	0.0167000000000000	0.140000000000000	997.137245300000	3.50872139100000	0.000889995000000000	1.85000000000000e-05	4668.96811100000	224895.719000000	191.491135000000
0.200000000000000	0.930000000000000	25	25	0.300000000000000	0.580000000000000	0.0217000000000000	0.0103000000000000	0.0167000000000000	0.140000000000000	997.137245300000	3.50872139100000	0.000889995000000000	1.85000000000000e-05	4942.03431800000	238048.822600000	202.690560000000
0.200000000000000	1.90000000000000	25	25	0.300000000000000	0.650000000000000	0.0217000000000000	0.0103000000000000	0.0167000000000000	0.140000000000000	997.137245300000	3.50872139100000	0.000889995000000000	1.85000000000000e-05	5025.01802900000	242045.997300000	206.094019700000
0.200000000000000	3.16000000000000	25	25	0.300000000000000	0.680000000000000	0.0217000000000000	0.0103000000000000	0.0167000000000000	0.140000000000000	997.137245300000	3.50872139100000	0.000889995000000000	1.85000000000000e-05	5132.81130300000	247238.203700000	210.515008700000
0.340000000000000	0.580000000000000	25	25	0.300000000000000	0.430000000000000	0.0217000000000000	0.0103000000000000	0.0167000000000000	0.140000000000000	997.137245300000	3.50872139100000	0.000889995000000000	1.85000000000000e-05	8315.82257200000	400558.078900000	341.061721800000
0.340000000000000	0.940000000000000	25	25	0.300000000000000	0.520000000000000	0.0217000000000000	0.0103000000000000	0.0167000000000000	0.140000000000000	997.137245300000	3.50872139100000	0.000889995000000000	1.85000000000000e-05	8346.62065100000	402041.566400000	342.324861500000
0.340000000000000	1.89000000000000	25	25	0.300000000000000	0.620000000000000	0.0217000000000000	0.0103000000000000	0.0167000000000000	0.140000000000000	997.137245300000	3.50872139100000	0.000889995000000000	1.85000000000000e-05	8427.89335700000	405956.325200000	345.658146800000
0.340000000000000	2.92000000000000	25	25	0.300000000000000	0.640000000000000	0.0217000000000000	0.0103000000000000	0.0167000000000000	0.140000000000000	997.137245300000	3.50872139100000	0.000889995000000000	1.85000000000000e-05	8516.01008200000	410200.747900000	349.272129900000
0.840000000000000	0.930000000000000	25	25	0.300000000000000	0.460000000000000	0.0217000000000000	0.0103000000000000	0.0167000000000000	0.140000000000000	997.137245300000	3.50872139100000	0.000889995000000000	1.85000000000000e-05	20501.9466900000	987541.557900000	840.858397000000
0.810000000000000	1.84000000000000	25	25	0.300000000000000	0.580000000000000	0.0217000000000000	0.0103000000000000	0.0167000000000000	0.140000000000000	997.137245300000	3.50872139100000	0.000889995000000000	1.85000000000000e-05	19850.4264900000	956159.012800000	814.137216100000
0.780000000000000	2.68000000000000	25	25	0.300000000000000	0.610000000000000	0.0217000000000000	0.0103000000000000	0.0167000000000000	0.140000000000000	997.137245300000	3.50872139100000	0.000889995000000000	1.85000000000000e-05	19192.9177800000	924488.011700000	787.170424700000
1.33000000000000	0.590000000000000	25	25	0.300000000000000	0.270000000000000	0.0217000000000000	0.0103000000000000	0.0167000000000000	0.140000000000000	997.137245300000	3.50872139100000	0.000889995000000000	1.85000000000000e-05	32385.9175200000	1559970.86200000	1328.26268200000
1.31000000000000	0.890000000000000	25	25	0.300000000000000	0.320000000000000	0.0217000000000000	0.0103000000000000	0.0167000000000000	0.140000000000000	997.137245300000	3.50872139100000	0.000889995000000000	1.85000000000000e-05	31925.3353200000	1537785.45300000	1309.37255300000
1.26000000000000	1.89000000000000	25	25	0.300000000000000	0.420000000000000	0.0217000000000000	0.0103000000000000	0.0167000000000000	0.140000000000000	997.137245300000	3.50872139100000	0.000889995000000000	1.85000000000000e-05	30795.2673900000	1483352.13200000	1263.02441300000
1.20000000000000	2.93000000000000	25	25	0.300000000000000	0.510000000000000	0.0217000000000000	0.0103000000000000	0.0167000000000000	0.140000000000000	997.137245300000	3.50872139100000	0.000889995000000000	1.85000000000000e-05	29425.4978300000	1417372.81900000	1206.84524800000